"Part Numbers","Manufacturer","Description","Unit Cost","Currency","Created By","Modified By","ID"
"6ES7511-1AK02-0AB0","Siemens","S7-1511-1 PN PLC WITH 150kB WORKING MEMORY","950","CAD","Bradley, Tyler","Bradley, Tyler","1"
"6ES7513-1AL02-0AB0","Siemens","S7-1513-1 PN PLC WITH 300kB WORKING MEMORY","2,328.28","CAD","Bradley, Tyler","Bradley, Tyler","2"
"6ES7515-2AM02-0AB0","Siemens","S7-1515-2 PN PLC WITH 500kB WORKING MEMORY","3,117.41","CAD","Bradley, Tyler","Bradley, Tyler","3"
"6ES7516-3AP03-0AB0","Siemens","S7-1516-3 PN/DP PLC WITH 1MB WORKING MEMORY","5,146.53","CAD","Bradley, Tyler","Bradley, Tyler","4"
"6ES7517-3AP00-0AB0","Siemens","S7-1517-3 PN/DP PLC WITH 2MB WORKING MEMORY","6,615","CAD","Bradley, Tyler","Bradley, Tyler","5"
"6ES7518-4AP00-0AB0","Siemens","S7-1518-4 PN/DP PLC WITH 3MB WORKING MEMORY","9,885.36","CAD","Bradley, Tyler","Bradley, Tyler","6"
"6ES7517-3UP00-0AB0","Siemens","S7-1517TF-3 PN/DP TECHNOLOGY PLC WITH 3.0MB WORKING MEMEORY","9,253","CAD","Bradley, Tyler","Bradley, Tyler","7"
"6ES7214 1AF40 0XB0","Siemens","S7-1200F, CPU 1214 FC, COMPACT CPU, DC/DC/DC, ONBOARD I/O: 14 DI 24V DC; 10 DO 24 V DC; 2 AI 0 - 10V DC, POWER SUPPLY: DC 20.4 - 28.8 V DC, PROGRAM/DATA MEMORY 125 KB","797.77","CAD","Bradley, Tyler","Bradley, Tyler","8"
"6ES7215 1AF40 0XB0","Siemens","S7-1200F, CPU 1215 FC, COMPACT CPU, DC/DC/DC, 2 PROFINET PORT, ONBOARD I/O: 14 DI 24VDC; 10 DO 24V DC 0.5A; 2 AI 0-10V DC, 2 AO 0-20MA DC, POWER SUPPLY: DC 20.4 - 28.8 V DC, PROGRAM/DATA MEMORY 150 KB","1,143.93","CAD","Bradley, Tyler","Bradley, Tyler","9"
"6ES7515-2FM02-0AB0","Siemens","S7-1515F-2 PN PLC WITH 750kB WORKING MEMORY","3,560","CAD","Bradley, Tyler","Bradley, Tyler","10"
"6ES7516-3FN02-0AB0","Siemens","S7-1516F-3 PN/DP PLC WITH 1.5MB WORKING MEMORY","5,541","CAD","Bradley, Tyler","Bradley, Tyler","11"
"6ES7517-3FP00-0AB0","Siemens","S7-1517F-3 PN/DP PLC WITH 3MB WORKING MEMORY","7,653.10","CAD","Bradley, Tyler","Bradley, Tyler","12"
"6ES7518-4FP00-0AB0","Siemens","S7-1518F-4 PN/DP PLC WITH 4.5MB WORKING MEMORY","10,823","CAD","Bradley, Tyler","Bradley, Tyler","13"
"6ES7518-4TP00-0AB0","Siemens","SIMATIC S7-1500T, CPU 1518T-4 PN/DP, central processing unit with 9 MB work memory for program and 60 MB for data, ","11,315.41","CAD","Bradley, Tyler","Bradley, Tyler","14"
"1756-A4","Allen-Bradley","ControlLogix 4 Slots Chassis","260.98","USD","Bradley, Tyler","Bradley, Tyler","15"
"1756-A7","Allen-Bradley","ControlLogix 7 Slots Chassis","399.66","USD","Bradley, Tyler","Bradley, Tyler","16"
"1756-A10","Allen-Bradley","ControlLogix 10 Slots Chassis","486.66","USD","Bradley, Tyler","Bradley, Tyler","17"
"1756-A13","Allen-Bradley","ControlLogix 13 Slots Chassis","585","USD","Bradley, Tyler","Bradley, Tyler","18"
"1756-A17","Allen-Bradley","ControlLogix 17 Slots Chassis","687.12","USD","Bradley, Tyler","Bradley, Tyler","19"
"1756-PA72","Allen-Bradley","ControlLogix, 85-265 VAC Power Supply (10 Amp @ 5V)","718.64","USD","Bradley, Tyler","Bradley, Tyler","20"
"1756-PA75","Allen-Bradley","ControlLogix, 85-265 VAC Power Supply (13 Amp @ 5V)","876.24","USD","Bradley, Tyler","Bradley, Tyler","21"
"1756-PB72","Allen-Bradley","ControlLogix, 19-32 VDC Power Supply (10 Amp @ 5V)","718.64","USD","Bradley, Tyler","Bradley, Tyler","22"
"1756-PB75","Allen-Bradley","ControlLogix, 19-32 VDC Power Supply (13 Amp @ 5V)","876.24","USD","Bradley, Tyler","Bradley, Tyler","23"
"1756-DNB","Allen-Bradley","DeviceNet Bridge/Scanner Module","1,015.73","USD","Bradley, Tyler","Bradley, Tyler","24"
"1756-ENBT","Allen-Bradley","EtherNet/IP communication module, 10/100M twisted pair, 64 TCP connections","2,176.56","USD","Bradley, Tyler","Bradley, Tyler","25"
"1756-EN2T","Allen-Bradley","EtherNet/IP communication module, 10/100M twisted pair, 128 TCP connections","2,176.56","USD","Bradley, Tyler","Bradley, Tyler","26"
"1756-EN2TR","Allen-Bradley","EtherNet/IP communication module, dual port, 10/100M twisted pair, 128 TCP connections","2,354.64","USD","Bradley, Tyler","Bradley, Tyler","27"
"1756-EN3TR","Allen-Bradley","EtherNet/IP communication module, dual port, 10/100M twisted pair, 128 TCP connections, 128 axes","3,033.98","USD","Bradley, Tyler","Bradley, Tyler","28"
"1756-EN4TR","Allen-Bradley","EtherNet/IP communication module, dual port, 10M/100M/1G twisted pair, 512 TCP connections, 256 axes","2,710.81","USD","Bradley, Tyler","Bradley, Tyler","29"
"1756-L71","Allen-Bradley","ControlLogix 5570 Controller with 2 MB Memory, USB Port, 4 Character Alpha/Numeric Display","4,869.86","USD","Bradley, Tyler","Bradley, Tyler","30"
"1756-L72","Allen-Bradley","ControlLogix 5570 Controller with 4 MB Memory, USB Port, 4 Character Alpha/Numeric Display","7,054.76","USD","Bradley, Tyler","Bradley, Tyler","31"
"1756-L73","Allen-Bradley","ControlLogix 5570 Controller with 8 MB Memory, USB Port, 4 Character Alpha/Numeric Display","10,078.24","USD","Bradley, Tyler","Bradley, Tyler","32"
"1756-L74","Allen-Bradley","ControlLogix 5570 Controller with 16 MB Memory, USB Port, 4 Character Alpha/Numeric Display","12,617.03","USD","Bradley, Tyler","Bradley, Tyler","33"
"1756-L75","Allen-Bradley","ControlLogix 5570 Controller with 32 MB Memory, USB Port, 4 Character Alpha/Numeric Display","16,617.54","USD","Bradley, Tyler","Bradley, Tyler","34"
"1756-L71S","Allen-Bradley","GuardLogix Integrated Safety PAC with 2M standard memory & 1M safety memory","5,238.97","USD","Bradley, Tyler","Bradley, Tyler","35"
"1756-L72S","Allen-Bradley","GuardLogix Integrated Safety PAC with 4M standard memory & 2M safety memory","7,708.97","USD","Bradley, Tyler","Bradley, Tyler","36"
"1756-L73S","Allen-Bradley","GuardLogix Integrated Safety PAC with 8M standard memory & 4M safety memory","11,391.97","USD","Bradley, Tyler","Bradley, Tyler","37"
"1756-L7SP","Allen-Bradley","Logix L7SP SIL 3 PLe Safety Partner","901.37","USD","Bradley, Tyler","Bradley, Tyler","38"
"1756-L81E","Allen-Bradley","ControlLogix 5580 Controller with 3 MB User Memory, USB Port, 1 gigabit (Gb) Ethernet port, 100 EtherNet/IP Devices, 4 Character Alpha/Numeric Display","4,713.55","USD","Bradley, Tyler","Bradley, Tyler","39"
"1756-L82E","Allen-Bradley","ControlLogix 5580 Controller with 5 MB User Memory, USB Port, 1 gigabit (Gb) Ethernet port, 175 EtherNet/IP Devices, 4 Character Alpha/Numeric Display","6,751.52","USD","Bradley, Tyler","Bradley, Tyler","40"
"1756-L83E","Allen-Bradley","ControlLogix 5580 Controller with 10 MB User Memory, USB Port, 1 gigabit (Gb) Ethernet port, 250 EtherNet/IP Devices, 4 Character Alpha/Numeric Display","9,649.96","USD","Bradley, Tyler","Bradley, Tyler","41"
"1756-L84E","Allen-Bradley","ControlLogix 5580 Controller with 20 MB User Memory, USB Port, 1 gigabit (Gb) Ethernet port, 250 EtherNet/IP Devices, 4 Character Alpha/Numeric Display","11,811.94","USD","Bradley, Tyler","Bradley, Tyler","42"
"1756-L85E","Allen-Bradley","ControlLogix 5580 Controller with 40 MB User Memory, USB Port, 1 gigabit (Gb) Ethernet port, 250 EtherNet/IP Devices, 4 Character Alpha/Numeric Display","15,598.34","USD","Bradley, Tyler","Bradley, Tyler","43"
"1756-L81ES","Allen-Bradley","GuardLogix5580, Safety Controller with 3MB Standard Memory & 1.5MB Safety Memory, USB Port, 1 gigabit (Gb) embedded Ethernet port, 100 EtherNet/IP Devices","5,149.87","USD","Bradley, Tyler","Bradley, Tyler","44"
"1756-L82ES","Allen-Bradley","GuardLogix5580, Safety Controller with 5MB Standard Memory & 2.5MB Safety Memory, USB Port, 1 gigabit (Gb) embedded Ethernet port, 175 EtherNet/IP Devices","7,376.49","USD","Bradley, Tyler","Bradley, Tyler","45"
"1756-L83ES","Allen-Bradley","GuardLogix5580, Safety Controller with 10MB Standard Memory & 5MB Safety Memory, USB Port, 1 gigabit (Gb) embedded Ethernet port, 250 EtherNet/IP Devices","10,552.90","USD","Bradley, Tyler","Bradley, Tyler","46"
"1756-L84ES","Allen-Bradley","GuardLogix5580, Safety Controller with 20MB Standard Memory & 6MB Safety Memory, USB Port, 1 gigabit (Gb) embedded Ethernet port, 250 EtherNet/IP Devices","12,905.34","USD","Bradley, Tyler","Bradley, Tyler","47"
"1756-L8SP","Allen-Bradley","GuardLogix 5580 Safety Partner","1,103.53","USD","Bradley, Tyler","Bradley, Tyler","48"
"1756-N2","Allen-Bradley","Slot Filler module for standard ControlLogix chassis","22.38","USD","Bradley, Tyler","Bradley, Tyler","49"
"5069-L306ERS2","Allen-Bradley","Compact GuardLogix 5380 Safety Controller, 0.6 MB Standard Memory, 0.3 MB Safety Memory, SIL 2, 16 Nodes","1,667","USD","Bradley, Tyler","Bradley, Tyler","50"
"5069-L310ERS2","Allen-Bradley","Compact GuardLogix 5380 Safety Controller, 1.0 MB Standard Memory, 0.5 MB Safety Memory, SIL 2, 24 Nodes","2,410.80","USD","Bradley, Tyler","Bradley, Tyler","51"
"5069-L320ERS2","Allen-Bradley","Compact GuardLogix 5380 Safety Controller, 2.0 MB Standard Memory, 1.0 MB Safety Memory, SIL 2, 40 Nodes","3,364.93","USD","Bradley, Tyler","Bradley, Tyler","52"
"5069-L330ERS2","Allen-Bradley","Compact GuardLogix 5380 Safety Controller, 3.0 MB Standard Memory, 1.5 MB Safety Memory, SIL 2, 60 Nodes","5,248.27","USD","Bradley, Tyler","Bradley, Tyler","53"
"5069-L340ERS2","Allen-Bradley","Compact GuardLogix 5380 Safety Controller, 4.0 MB Standard Memory, 2.0 MB Safety Memory, SIL 2, 90 Nodes","7,047.90","USD","Bradley, Tyler","Bradley, Tyler","54"
"5069-L350ERS2","Allen-Bradley","Compact GuardLogix 5380 Safety Controller, 5.0 MB Standard Memory, 2.5 MB Safety Memory, SIL 2, 120 Nodes","9,062.20","USD","Bradley, Tyler","Bradley, Tyler","55"
"5069-L306ERMS2","Allen-Bradley","Compact GuardLogix 5380 Safety Controller, 0.6 MB Standard Memory, 0.3 MB Safety Memory, SIL 2, 16 Nodes, Motion Enabled","2,241.53","USD","Bradley, Tyler","Bradley, Tyler","56"
"5069-L310ERMS2","Allen-Bradley","Compact GuardLogix 5380 Safety Controller, 1.0 MB Standard Memory, 0.5 MB Safety Memory, SIL 2, 24 Nodes, Motion Enabled","3,097.08","USD","Bradley, Tyler","Bradley, Tyler","57"
"5069-L320ERMS2","Allen-Bradley","Compact GuardLogix 5380 Safety Controller, 2.0 MB Standard Memory, 1.0 MB Safety Memory, SIL 2, 40 Nodes, Motion Enabled","4,327.51","USD","Bradley, Tyler","Bradley, Tyler","58"
"5069-L330ERMS2","Allen-Bradley","Compact GuardLogix 5380 Safety Controller, 3.0 MB Standard Memory, 1.5 MB Safety Memory, SIL 2, 60 Nodes, Motion Enabled","6,450.64","USD","Bradley, Tyler","Bradley, Tyler","59"
"5069-L340ERMS2","Allen-Bradley","Compact GuardLogix 5380 Safety Controller, 4 MB Standard Memory, 2 MB Safety Memory, 20 Motion Axes, 90 Nodes, SIL 2","8,371.26","USD","Bradley, Tyler","Bradley, Tyler","60"
"5069-L350ERMS2","Allen-Bradley","Compact GuardLogix 5380 Safety Controller, 5 MB Standard Memory, 2.5 MB Safety Memory, 24 Motion Axes, 120 Nodes, SIL 2","10,598.79","USD","Bradley, Tyler","Bradley, Tyler","61"
"5069-L380ERMS2","Allen-Bradley","Compact GuardLogix 5380 Safety Controller, 8 MB Standard Memory, 4 MB Safety Memory, 28 Motion Axes, 150 Nodes, SIL 2","11,957.62","USD","Bradley, Tyler","Bradley, Tyler","62"
"5069-L3100ERMS2","Allen-Bradley","Compact GuardLogix 5380 Safety Controller, 10 MB Standard Memory, 5 MB Safety Memory, 32 Motion Axes, 180 Nodes, SIL 2","13,719.21","USD","Bradley, Tyler","Bradley, Tyler","63"
"5069-IB8S","Allen-Bradley","CompactLogix 8 Channel Safety Input","594.47","USD","Bradley, Tyler","Bradley, Tyler","64"
"5069-OBV8S","Allen-Bradley","CompactLogix 8 Channel Safety Output","763.48","USD","Bradley, Tyler","Bradley, Tyler","65"
"5069-IB16","Allen-Bradley","CompactLogix 16 Channel Input","261.45","USD","Bradley, Tyler","Bradley, Tyler","66"
"5069-OB8","Allen-Bradley","CompactLogix 8 Channel Output","312.25","USD","Bradley, Tyler","Bradley, Tyler","67"
"1769-PB4","Allen-Bradley","compact logix power supply","466.1","USD","Bradley, Tyler","Bradley, Tyler","68"
"1769-ECR","Allen-Bradley","compact logix end cap","35.04","USD","Bradley, Tyler","Bradley, Tyler","69"
"6ES7954-8LC03-0AA0","Siemens","S7-1500 MEMORY CARD 4MB","68.77","CAD","Bradley, Tyler","Bradley, Tyler","70"
"6ES7954-8LE03-0AA0","Siemens","S7-1500 MEMORY CARD 12MB","227","CAD","Bradley, Tyler","Bradley, Tyler","71"
"6ES7954-8LF03-0AA0","Siemens","S7-1500 MEMORY CARD 24MB","343.84","CAD","Bradley, Tyler","Bradley, Tyler","72"
"6ES7954-8LL03-0AA0","Siemens","S7-1500 MEMORY CARD 256MB","472.34","CAD","Bradley, Tyler","Bradley, Tyler","73"
"6ES7954-8LP03-0AA0","Siemens","S7-1500 MEMORY CARD 2GB","876.86","CAD","Bradley, Tyler","Bradley, Tyler","74"
"6ES7590-1AB60-0AA0","Siemens","S7-1500 MOUNTING RAIL 160mm","25","CAD","Bradley, Tyler","Bradley, Tyler","75"
"6ES7590-1AE80-0AA0","Siemens","S7-1500 MOUNTING RAIL 482mm","37.48","CAD","Bradley, Tyler","Bradley, Tyler","76"
"6ES7590-1AF30-0AA0","Siemens","S7-1500 MOUNTING RAIL 530mm","45.93","CAD","Bradley, Tyler","Bradley, Tyler","77"
"6ES7590-1AJ30-0AA0","Siemens","S7-1500 MOUNTING RAIL 830mm","61.41","CAD","Bradley, Tyler","Bradley, Tyler","78"
"6ES7590-1BC00-0AA0","Siemens","S7-1500 MOUNTING RAIL 2000mm","104.19","CAD","Bradley, Tyler","Bradley, Tyler","79"
"6GK7343-1EX30-0XE0","Siemens","Communications processor (CP 343-1, TCP/IP interface)","2,180","CAD","Bradley, Tyler","Bradley, Tyler","80"
"6GK7343-1CX10-0XE0","Siemens","(CP 343-1 Lean, TCP/IP interface)","1,887.48","CAD","Bradley, Tyler","Bradley, Tyler","81"
"6ES7540-1AD00-0AA0","Siemens","SIMATIC S7-1500, CM PTP RS232 BA Communication module for Serial connection","553.66","CAD","Bradley, Tyler","Bradley, Tyler","82"
"6ES7902-1AD00-0AA0","Siemens","SIMATIC S7/M7, cable for point-to-point connections RS232C-RS232C 9-pole sub D socket respectively 15 m length","193","CAD","Bradley, Tyler","Bradley, Tyler","83"
"6ES7155-6AU01-0CN0","Siemens","ET200SP PROFINET INTERFACE MODULE (IM)","350.98","CAD","Bradley, Tyler","Bradley, Tyler","84"
"6ES7131-6BF00-0CA0","Siemens","8DI ET200SP INPUT MODULE 24VDC","70","CAD","Bradley, Tyler","Bradley, Tyler","85"
"6ES7131-6BF01-0BA0","Siemens","ET200SP, Digital input module, DI 8x 24V DC","61.09","CAD","Bradley, Tyler","Bradley, Tyler","86"
"6ES7131-6BH01-0BA0","Siemens","16DI ET200SP INPUT MODULE 24VDC","105","CAD","Bradley, Tyler","Bradley, Tyler","87"
"6ES7132-6BD20-0CA0","Siemens","4DO 2.0A ET200SP OUTPUT MODULE 24VDC","100.36","CAD","Bradley, Tyler","Bradley, Tyler","88"
"6ES7132-6BF00-0CA0","Siemens","8DO 0.5A ET200SP OUTPUT MODULE 24VDC","89","CAD","Bradley, Tyler","Bradley, Tyler","89"
"6ES7132-6BF01-0BA0","Siemens","ET 200SP, Digital output module, DQ 8x 24V DC/0,5A Standard","79.12","CAD","Bradley, Tyler","Bradley, Tyler","90"
"6ES7132-6BH01-0BA0","Siemens","16DO 0.5A ET200SP OUTPUT MODULE 24VDC","121","CAD","Bradley, Tyler","Bradley, Tyler","91"
"6ES7132-6HD01-0BB1","Siemens","4RO 5A ET200SP OUTPUT MODULE 24VDC","82","CAD","Bradley, Tyler","Bradley, Tyler","92"
"6ES7134-6JD00-0CA1","Siemens","4RTD/TC 2,3,4-wire HF INPUT ANALOG MODULE","267.7","CAD","Bradley, Tyler","Bradley, Tyler","93"
"6ES7134-6JF00-0CA1","Siemens","8RTD/TC 2,3,4-wire HF INPUT ANALOG MODULE","398.57","CAD","Bradley, Tyler","Bradley, Tyler","94"
"6ES7135-6HD00-0BA1","Siemens"," 4U/I ST OUTPUT ANALOG","267.7","CAD","Bradley, Tyler","Bradley, Tyler","95"
"6ES7136-6DC00-0CA0","Siemens","F-DQ 8XDC 24V0.5A PP","336.44","CAD","Bradley, Tyler","Bradley, Tyler","96"
"6ES7136-6BA01-0CA0","Siemens","8FDI ET200SP FAILSAFE INPUT MODULE 24VDC","260.25","CAD","Bradley, Tyler","Bradley, Tyler","97"
"6ES7136-6DB00-0CA0","Siemens","4FDO 2A ET200SP OUTPUT MODULE 24VDC","301.27","CAD","Bradley, Tyler","Bradley, Tyler","98"
"6ES7136-6RA00-0BF0","Siemens","1FRO 5A ET200SP RELAY OUTPUT MODULE 24VDC, 120-230VAC","132.47","CAD","Bradley, Tyler","Bradley, Tyler","99"
"6ES7193-6AR00-0AA0","Siemens","ET200SP RJ45 BUS ADAPTER FOR IM","67.44","CAD","Bradley, Tyler","Bradley, Tyler","100"
"6ES7193-6BP00-0DA0","Siemens","ET200SP BASE UNIT WITH INFEED CONNECTION","32.42","CAD","Bradley, Tyler","Bradley, Tyler","101"
"6ES7193-6BP00-0BA0","Siemens","ET200SP BASE UNIT NO INFEED CONNECTION","18.38","CAD","Bradley, Tyler","Bradley, Tyler","102"
"6ES7193-6BP20-0BB0","Siemens","ET200SP BASE UNIT FOR RELAY MODULE","25","CAD","Bradley, Tyler","Bradley, Tyler","103"
"6ES7193-6BP20-0BF0","Siemens","ET200SP BASE UNIT FOR FAILSAFE RELAY MODULE","25.22","CAD","Bradley, Tyler","Bradley, Tyler","104"
"6ES7193-6BP20-0DA0","Siemens","ET 200SP, BaseUnit BU15-P16+A10+2D, BU type A0, Push-in terminals","38.61","CAD","Bradley, Tyler","Bradley, Tyler","105"
"6ES7193-6BP20-0DC0","Siemens","ET200SP BASE UNIT FOR ENERGY MODULE","39","CAD","Bradley, Tyler","Bradley, Tyler","106"
"6ES7136-6PA00-0BC0","Siemens","ET 200SP, Powermod. F-PM-E PPM, 24V DC","342","CAD","Bradley, Tyler","Bradley, Tyler","107"
"6ES7193-6BN00-0NE0","Siemens","BaseUnit BU-SEND, for station expansion of ET 200SP","67.46","CAD","Bradley, Tyler","Bradley, Tyler","108"
"6ES7137-6BD00-0BA0","Siemens","ET200SP IO Link Master Module","275","CAD","Bradley, Tyler","Bradley, Tyler","109"
"1734-AENT","Allen-Bradley","1-Port EtherNet I/O Adapter Module","255.1","USD","Bradley, Tyler","Bradley, Tyler","110"
"1734-AENTR","Allen-Bradley","2-Port EtherNet I/O Adapter Module","303.25","USD","Bradley, Tyler","Bradley, Tyler","111"
"1734-IB8","Allen-Bradley","24V DC 8 Channel Sink Input Module","57.7","USD","Bradley, Tyler","Bradley, Tyler","112"
"1734-OB8","Allen-Bradley","24V DC 8 Channel Source Output Module","65.08","USD","Bradley, Tyler","Bradley, Tyler","113"
"1734-IE2C","Allen-Bradley","Point I/O - 2 Channel analog input module","152.27","USD","Bradley, Tyler","Bradley, Tyler","114"
"1734-IB8S","Allen-Bradley","Point I/O - 8 point SAFETY input module","240.24","USD","Bradley, Tyler","Bradley, Tyler","115"
"1734-OB8S","Allen-Bradley","Point I/O - 8 point SAFETY output module","279.26","USD","Bradley, Tyler","Bradley, Tyler","116"
"1734-TOP","Allen-Bradley","POINT I/O One-piece Terminal Base with Screw Clamp, 8 Terminations","8.68","USD","Bradley, Tyler","Bradley, Tyler","117"
"1734-TOP3","Allen-Bradley","POINT I/O One-piece Terminal Base with Screw Clamp, 12 Terminations","11.75","USD","Bradley, Tyler","Bradley, Tyler","118"
"1734-TOPS","Allen-Bradley","POINT I/O One-piece Terminal Base with Spring Clamp, 8 Terminations","8.68","USD","Bradley, Tyler","Bradley, Tyler","119"
"1734-TOP3S","Allen-Bradley","POINT I/O One-piece Terminal Base with Spring Clamp, 12 Terminations","11.75","USD","Bradley, Tyler","Bradley, Tyler","120"
"1732E-IB16M12R","Allen-Bradley","1732 ArmorBlock EtherNet/IP, EtherNet/IP, Input Module, 16 Sink Inputs (Source Load), Dual-Port, DC Micro (M12), Without CIP SYNC Input, Without Diagnostics, Dual Port","486.13","USD","Bradley, Tyler","Bradley, Tyler","121"
"1732E-16CFGM12R","Allen-Bradley","	1732 ArmorBlock EtherNet/IP, EtherNet/IP, Self-Configuring, 16 Self-Configuring, Dual-Port, DC Micro (M12), Without CIP SYNC Input, Without Diagnostics, Dual Port","569.32","USD","Bradley, Tyler","Bradley, Tyler","122"
"1732E-16CFGM12QCR","Allen-Bradley","1732 ArmorBlock EtherNet/IP, EtherNet/IP, Self-Configuring, 16 Self-Configuring, Dual-Port, Quick Connect, DC Micro (M12), Without CIP SYNC Input, Without Diagnostics, Dual Port","617.73","USD","Bradley, Tyler","Bradley, Tyler","123"
"6ES7194-4CB50-0AA0","Siemens","SIMATIC DP Connection Module, 16 DI 24 V DC, 4 DIO/DO 24 V DC/0.5A, ET 200 PRO, 8xM12 Connectors","92","USD","Bradley, Tyler","Bradley, Tyler","124"
"6ES7516-2GP03-0AB0","Siemens","SIMATIC DP, CPU 1516pro F-2 PN for ET 200pro, central processing unit with work memory 3 MB for program and 7.5 MB for data, 1st interface: PROFINET IRT with 3-port switch, 2nd interface: PROFINET RT, 6 ns bit performance, degree of protection: IP65/67, SIMATIC Memory Card required, connection module required","5,098.70","CAD","Bradley, Tyler","Bradley, Tyler","125"
"6ES7154-8FX00-0AB0","Siemens","ET200 PRO IM154-8F PN/DP PLC WITH 1.5 MB WORKING MEMORY","4,864.94","CAD","Bradley, Tyler","Bradley, Tyler","126"
"6ES7154-8FB01-0AB0","Siemens","ET200 PRO IM154-8F PN/DP PLC WITH 512 kB WORKING MEMORY","2,498.12","CAD","Bradley, Tyler","Bradley, Tyler","127"
"6ES7154-8AB01-0AB0","Siemens","ET200 PRO IM154-8 PN/DP PLC WITH 348 kB WORKING MEMORY","4,080","CAD","Bradley, Tyler","Bradley, Tyler","128"
"6ES7154-4AB10-0AB0","Siemens","ET200 PRO PROFINET INTERFACE MODULE","388","CAD","Bradley, Tyler","Bradley, Tyler","129"
"6ES7194-4AJ00-0AA0","Siemens","IM CONNECTION MODULE","92","CAD","Bradley, Tyler","Bradley, Tyler","130"
"6ES7142-4BF00-0AA0","Siemens","ET200 PRO 8 DO 24 V DC, 0.5 A Module diagnostics;","118","CAD","Bradley, Tyler","Bradley, Tyler","131"
"6ES7141-4BF00-0AB0","Siemens","ET200 PRO 8 DI INPUT MODULE 24VDC","157","CAD","Bradley, Tyler","Bradley, Tyler","132"
"6ES7141-4BH00-0AA0","Siemens","ET200 PRO 16 DI INPUT MODULE 24VDC","131","USD","Bradley, Tyler","Bradley, Tyler","133"
"6ES7142-4BD00-0AB0","Siemens","4DO ET200 PRO INPUT MODULE 24VDC","138","CAD","Bradley, Tyler","Bradley, Tyler","134"
"6ES7148-4FA00-0AB0","Siemens","8/16FDI ET200 PRO FAILSAFE INPUT MODULE 24VDC","621.47","CAD","Bradley, Tyler","Bradley, Tyler","135"
"6ES7148-4FC00-0AB0","Siemens","4/8FDI 4FDO ET200 PRO FAILSAFE INPUT/OUTPUT MODULE 24VDC","741","CAD","Bradley, Tyler","Bradley, Tyler","136"
"6ES7148-4FS00-0AB0","Siemens","ET200 PRO F-SWITCH MODULE 24VDC","481.8","CAD","Bradley, Tyler","Bradley, Tyler","137"
"6ES7148-4EA00-0AA0","Siemens","ET200PRO, 16DO,Pneumatic Interface CPV10","366.72","USD","Bradley, Tyler","Bradley, Tyler","138"
"6ES7148-4EB00-0AA0","Siemens","ET200PRO, 16DO,Pneumatic Interface CPV14","303.35","USD","Bradley, Tyler","Bradley, Tyler","139"
"3RK1304-0HS00-6AA0","Siemens","ET200 PRO LOCAL MOTOR REPAIR SWITCH","426","CAD","Bradley, Tyler","Bradley, Tyler","140"
"3RK1911-2BE10","Siemens","CONNECTOR SET 4mm2","61","CAD","Bradley, Tyler","Bradley, Tyler","141"
"3RK1911-2BE30","Siemens","5 CONTACT SOCKETS 6MM2","61.15","USD","Bradley, Tyler","Bradley, Tyler","142"
"3RK1911-2BE50","Siemens","Socket insert Han Q4/2 5 contact sockets 2.5 mm2","61","USD","Bradley, Tyler","Bradley, Tyler","143"
"3RK1304-5KS40-2AA0","Siemens","ET200 PRO STARTER W/O BRAKE 0.15-2A","649.62","CAD","Bradley, Tyler","Bradley, Tyler","144"
"3RK1304-5KS40-2AA3","Siemens","ET200 PRO STARTER W/ BRAKE 0.15-2A","728.14","CAD","Bradley, Tyler","Bradley, Tyler","145"
"3RK1304-5LS40-2AA0","Siemens","ET200 PRO STARTER W/O BRAKE 1.5-12A","684.12","CAD","Bradley, Tyler","Bradley, Tyler","146"
"3RK1304-5LS40-2AA3","Siemens","ET200 PRO STARTER W/ BRAKE 1.5-12A","762.64","CAD","Bradley, Tyler","Bradley, Tyler","147"
"3RK1304-5KS40-5AA0","Siemens","ET200 PRO REVERSING STARTER W/O BRAKE 0.15-2A","563.95","CAD","Bradley, Tyler","Bradley, Tyler","148"
"3RK1304-5KS40-3AA3","Siemens","ET200 PRO REVERSING STARTER W/ BRAKE 0.15-2A","810.23","CAD","Bradley, Tyler","Bradley, Tyler","149"
"3RK1304-5LS40-3AA0","Siemens","ET200 PRO REVERSING STARTER W/O BRAKE 1.5-12A","762.64","CAD","Bradley, Tyler","Bradley, Tyler","150"
"3RK1304-5LS40-3AA3","Siemens","ET200 PRO REVERSING STARTER W/ BRAKE 1.5-12A","844.74","CAD","Bradley, Tyler","Bradley, Tyler","151"
"3RK1308-0CB00-0CP0","Siemens","Fail-safe direct-on-line starter High Feature","389.06","CAD","Bradley, Tyler","Bradley, Tyler","152"
"3RK1908-0AP00-0EP0","Siemens","Base unit (BU30-MS5) with F-DI For ET 200SP motor starter","163","CAD","Bradley, Tyler","Bradley, Tyler","153"
"3RK1922-2BQ00","Siemens","POWER JUMPER PLUG","88","CAD","Bradley, Tyler","Bradley, Tyler","154"
"6ES7194-4DA00-0AA0","Siemens","ET200 PRO TERMINAL MODULE FOR F-SWITCH","58","CAD","Bradley, Tyler","Bradley, Tyler","155"
"6ES7194-4CB00-0AA0","Siemens","ET200 PRO TERMINAL MODULE FOR DI","59","CAD","Bradley, Tyler","Bradley, Tyler","156"
"6ES7194-4CA00-0AA0","Siemens","ET200 PRO TERMINAL MODULE FOR DO","42","CAD","Bradley, Tyler","Bradley, Tyler","157"
"6ES7194-4CA10-0AA0","Siemens","SIMATIC DP, Connection module for Digital electronic modules ET 200 PRO, 4xM12, plastic version","36","CAD","Bradley, Tyler","Bradley, Tyler","158"
"6ES7194-4DD00-0AA0","Siemens","ET200 PRO TERMINAL MODULE FOR 8/16FDI MODULE","118.27","CAD","Bradley, Tyler","Bradley, Tyler","159"
"6ES7194-4DC00-0AA0","Siemens","ET200 PRO TERMINAL MODULE FOR 4/8FDI 4FDO MODULE","115","CAD","Bradley, Tyler","Bradley, Tyler","160"
"6ES7194-4GB00-0AA0","Siemens","ET200 PRO MOUNTING RAIL 500mm LENGTH","89.6","CAD","Bradley, Tyler","Bradley, Tyler","161"
"6ES7194-4GB60-0AA0","Siemens","ET200 PRO MOUNTING RAIL 1000mm LENGTH","120","USD","Bradley, Tyler","Bradley, Tyler","162"
"6ES7194-4GB20-0AA0","Siemens","ET200 PRO MOUNTING RAIL 2000mm LENGTH","218.24","CAD","Bradley, Tyler","Bradley, Tyler","163"
"6GT2002-0HD01","Siemens","RFID MODULE BASE","848.74","CAD","Bradley, Tyler","Bradley, Tyler","164"
"6GT2002-1HD01","Siemens","RFID CONNECTION MODULE","159.54","CAD","Bradley, Tyler","Bradley, Tyler","165"
"6SL3514-1KE13-5AE0","Siemens","SIMATIC frequency converter ET 200PRO FC-2 with Safety Integrated STO","2,282.50","CAD","Bradley, Tyler","Bradley, Tyler","166"
"6SL3260-2TA00-0AA0","Siemens","Backplane bus module 155 mm for ET 200 PRO frequency converter","128.15","CAD","Bradley, Tyler","Bradley, Tyler","167"
"3RK1922-2BA00","Siemens","Backplane bus module 110 mm for ET 200PRO motor starter Maintenance switch modulesÂ ","66","CAD","Bradley, Tyler","Bradley, Tyler","168"
"3RK1304-0HS00-8AA0","Siemens","ET 200pro ASm 400 V Disconnection module 400 V to 25 A for safe switching-off ","466","CAD","Bradley, Tyler","Bradley, Tyler","169"
"ZNX:EIP200PRO","Siemens","Ethernet/IP Head Assembly for ET 200PRO","535","USD","Bradley, Tyler","Bradley, Tyler","170"
"ZNX:EIP200PROCM1","Siemens","ET 200pro, CM IM DP M12 / 7/8""","92","USD","Bradley, Tyler","Bradley, Tyler","171"
"6ES7157-1AB00-0AB0","Siemens","SIMATIC ET 200AL, PROFINET interface module IM 157-1 PN","321.13","CAD","Bradley, Tyler","Bradley, Tyler","172"
"6ES7147-5JD00-0BA0","Siemens","SIMATIC ET 200AL, CM 4x IO-Link, 4x M12","376.67","CAD","Bradley, Tyler","Bradley, Tyler","173"
"6ES7141-5AF00-0BA0 ","Siemens","SIMATIC ET 200AL, DI 8x 24 V DC, 4x M12","157.52","CAD","Bradley, Tyler","Bradley, Tyler","174"
"6ES7141-5AH00-0BA0 ","Siemens","SIMATIC ET 200AL, DI 16x 24 V DC, 8x M12","257.99","CAD","Bradley, Tyler","Bradley, Tyler","175"
"6ES7141-5BF00-0BA0 ","Siemens","SIMATIC ET 200AL, DI 8x 24 V DC, 8XM8","153","CAD","Bradley, Tyler","Bradley, Tyler","176"
"6ES7142-5AF00-0BA0 ","Siemens","SIMATIC ET 200AL, DQ 8x 24 V DC/2 A, 8x M12","223.34","CAD","Bradley, Tyler","Bradley, Tyler","177"
"6ES7143-5AF00-0BA0 ","Siemens","SIMATIC ET 200AL, DIQ 4+DQ 4x 24 V DC/0.5 A, 4x M12","172.41","CAD","Bradley, Tyler","Bradley, Tyler","178"
"6ES7143-5AH00-0BA0 ","Siemens","SIMATIC ET 200AL, DIQ 16x24 V DC/0.5 A, 8xM12","316.29","CAD","Bradley, Tyler","Bradley, Tyler","179"
"6ES7143-5BF00-0BA0 ","Siemens","SIMATIC ET 200AL, DIQ 4+DQ 4x 24 V DC/0.5 A, 8XM8","168","CAD","Bradley, Tyler","Bradley, Tyler","180"
"6ES7144-5KD00-0BA0 ","Siemens","SIMATIC ET 200AL, AI 4XU/I/RTD, 4x M12","348.9","CAD","Bradley, Tyler","Bradley, Tyler","181"
"6ES7145-5ND00-0BA0 ","Siemens","SIMATIC ET 200AL, AQ 4xU/I, 4xM12","391.15","CAD","Bradley, Tyler","Bradley, Tyler","182"
"6ES7142-6BF00-0AB0","Siemens","SIMATIC DP, ET 200ECO PN, 8 DO DC 24V/1,3A; 4 X M12, DOUBLE-ASSIGNEMENT, DEGREE OF PROTECTION IP67;","393.85","CAD","Bradley, Tyler","Bradley, Tyler","183"
"6ES7141-6BF00-0AB0","Siemens","SIMATIC DP, ET 200ECO PN, 8 DI 24V DC; 4 X M12, DOUBLE-ASSIGNEMENT, DEGREE OF PROTECTION IP67;","338.49","CAD","Bradley, Tyler","Bradley, Tyler","184"
"6ES7148-6JG00-0BB0","Siemens","SIMATIC ET 200eco PN, CM 8x IO-Link + DI 4x 24 V DC, M12-L, 8x M12, 4x port class A + 4x port class B, channel diagnostics, shared device with 2 controllers, prioritized startup, MRP, S2 redundancy, I&M0...3, degree of protection IP67","216.8","CAD","Bradley, Tyler","Bradley, Tyler","185"
"6ES7141-6BH00-0AB0","Siemens","SIMATIC DP, ET 200ECO PN, 16 DI 24 V DC; 8xM12, duplicate assignment; Degree of protection IP67","462","USD","Bradley, Tyler","Bradley, Tyler","186"
"6AV2128-3UB27-0BX0","Siemens","SIMATIC HMI MTP1900 PRO","5,117.77","CAD","Bradley, Tyler","Bradley, Tyler","187"
"6AV7674-1LA53-0AA0","Siemens","Extension Unit 19"" PROFISAFE","965.55","CAD","Bradley, Tyler","Bradley, Tyler","188"
"6AV7674-1MA00-0AA0","Siemens","E-STOP PUSHBUTTON FOR EXT. UNIT","56","CAD","Bradley, Tyler","Bradley, Tyler","189"
"6AV7674-1ME00-0AA0","Siemens","KEY-OPERATED SWITCH FOR EXT. UNIT","80","CAD","Bradley, Tyler","Bradley, Tyler","190"
"6AV2185-8AB01-2AA0","Siemens","RGB - illuminated pushbutton for Extension Unit Advanced ","297.93","CAD","Bradley, Tyler","Bradley, Tyler","191"
"6AV7674-1MG00-0AA0","Siemens","ILLUM. PUSHBUTTON FOR EXT UNIT (1NO)","42.15","CAD","Bradley, Tyler","Bradley, Tyler","192"
" 6AV7674-1LB20-0AA0","Siemens","12 label holders for self-labeling, flat, frame rounded at the bottom","32","CAD","Bradley, Tyler","Bradley, Tyler","193"
"6AV7674-1LB30-0AA0","Siemens","Inscription plates for Self-labeling, for indicator light and Illuminated pushbutton","32","CAD","Bradley, Tyler","Bradley, Tyler","194"
"6AV7674-1MB00-0AA0","Siemens","illuminated push-button for Extension Units, 22 mm, round, plastic, momentary contact","41","CAD","Bradley, Tyler","Bradley, Tyler","195"
"6AV7674-1KF00-0AA0","Siemens","Round pipe adapter for HMI PRO devices","137","CAD","Bradley, Tyler","Bradley, Tyler","196"
"6AV2124-0QC24-0BX0","Siemens","TP 1500 Comfort PRO - 15.4'' TFT display, 1366 x 768 pixels","4,242.06","CAD","Bradley, Tyler","Bradley, Tyler","197"
"6AV2125-2JB03-0AX0","Siemens","KTP900 Mobile 9"" ","3,823.50","CAD","Bradley, Tyler","Bradley, Tyler","198"
"6AV2125-2JB23-0AX0","Siemens","KTP900 Mobile 9"" with acknowledgement switch / E-Stop button","4,226","CAD","Bradley, Tyler","Bradley, Tyler","199"
"6AV2125-2AE13-0AX0","Siemens","Mobile Panel Connection Box - Standard","399.61","CAD","Bradley, Tyler","Bradley, Tyler","200"
"6AV2125-2AE23-0AX0","Siemens","Mobile Panel Connection Box - Advanced","523","CAD","Bradley, Tyler","Bradley, Tyler","201"
"6AV7674-1LA43-0AA0","Siemens","Extension Unit 15"" PROFISAFE","871","CAD","Bradley, Tyler","Bradley, Tyler","202"
"6AV2104-0FA06-0AH0","Siemens","SIMATIC WinCC Runtime Advanced 2048 PowerTags V16","4,797","CAD","Bradley, Tyler","Bradley, Tyler","203"
"6AV2107-0GA00-0BB0","Siemens","SIMATIC WinCC Logging for Runtime Advanced option for WinCC (TIA Portal) runtime","363","CAD","Bradley, Tyler","Bradley, Tyler","204"
"6AV2107-0RA00-0BB0","Siemens","SIMATIC WinCC Audit for Runtime Advanced option for WinCC (TIA Portal) runtime","985","CAD","Bradley, Tyler","Bradley, Tyler","205"
"6300P-215AAPSFDNB-5CABW19NNNANN-NN1S ","Allen-Bradley","VersaView 6300P Panel PC, 21.5""Aluminum, Panel, Standard Single Touch (Resistive), 16:9 1920x1080, 24 VDC isolated, Fanless ,1 PCI/PCIe, Intel Core i5, 8GB RAM, Windows 10 IoT LTSC (2019), 128 GB SSD 2.5 TLC","3,340.41","USD","Bradley, Tyler","Bradley, Tyler","206"
"2711P-T10C22D9P","Allen-Bradley","PanelView Plus 7 Graphic Terminal,Performance Model,Extended Features,10.4 in.,TFT Color,Standard Aspect Ratio,Touch screen,Device Level Ring Ethernet,18 30 V DC","2,970.31","USD","Bradley, Tyler","Bradley, Tyler","207"
"9701-VWMR030AENE","Allen-Bradley","FT View RT ME 1000 30D Lic EN ESD S/W","-1","USD","Bradley, Tyler","Bradley, Tyler","208"
"9701M-VWSTNMT30","Allen-Bradley","FT View RT ME 75D Lic EN ESD Software","3753","CAD","Bradley, Tyler","Bradley, Tyler","209"
"5PC9:205168.005-00","B&R","ATS Standard HMI","2,641.36","CAD","Bradley, Tyler","Bradley, Tyler","210"
"HMIMisc","Miscellaneous","HMI Enclosure","900","CAD","Bradley, Tyler","Bradley, Tyler","211"
"6AV7251-5GB07-0DA0","Siemens","SIMATIC IPC477E PRO fully protected IP65; 19"" multi-touch","5,979.24","CAD","Bradley, Tyler","Bradley, Tyler","212"
"8015401","Rittal","CP COMFORT PANEL 141806","2,401.84","CAD","Bradley, Tyler","Bradley, Tyler","213"
"6375010","Rittal","CP HANDLE SET","160","CAD","Bradley, Tyler","Bradley, Tyler","214"
"6206700","Rittal","TOP MOUNT JOINT SYSTEM 60","1,000","CAD","Bradley, Tyler","Bradley, Tyler","215"
"6206100","Rittal","SUPPORT SECTION 1000MM  SYSTEM 60","60","CAD","Bradley, Tyler","Bradley, Tyler","216"
"6206600","Rittal","90 DEGREE ANGLE PIECE SYSTEM 60","95.75","CAD","Bradley, Tyler","Bradley, Tyler","217"
"6206300","Rittal","COUPLING SUPPORT ARM CONNECTION SYSTEM 60","180","CAD","Bradley, Tyler","Bradley, Tyler","218"
"6AV7674-1LB10-0AA0","Siemens","Handles for HMI PRO devices, universally adjustable from 12"" to 22"", RAL9006 (silver)","453","CAD","Bradley, Tyler","Bradley, Tyler","219"
"
6AV7674-1LX00-0AA0","Siemens","USB interface for PRO Device, Cable and connector, USB-2.0 Type A","161","CAD","Bradley, Tyler","Bradley, Tyler","220"
"6AV7674-1NF01-0AA0","Siemens","Keyboard tray for PRO devices, inclination adjustable, IP65, RAL9006 (silver)","681.6","CAD","Bradley, Tyler","Bradley, Tyler","221"
"6AV7674-1NG00-0AA0","Siemens","Plate for mounting on the Keyboard tray for commercial keyboard and Mouse, RAL9006 (silver)","60.11","CAD","Bradley, Tyler","Bradley, Tyler","222"
"6ES7658-7BA00-2YB0","Siemens","SIMATIC Logon, software Remote Access for 3 clients","1,883","CAD","Bradley, Tyler","Bradley, Tyler","223"
"708TX","N-Tron","Ethernet IP switch - 8 port","854.34","CAD","Bradley, Tyler","Bradley, Tyler","224"
"716TX","N-Tron","Ethernet IP switch - 16 port","1,450.45","CAD","Bradley, Tyler","Bradley, Tyler","225"
"708M12","N-Tron","Ethernet IP switch - 8 port - field mountable","2,569.84","CAD","Bradley, Tyler","Bradley, Tyler","226"
"716M12","N-Tron","Ethernet IP switch - 16 port - field mountable","3,960.32","CAD","Bradley, Tyler","Bradley, Tyler","227"
"708M12POE","N-Tron","Ethernet IP switch - 8 port - field mountable - PoE","85","CAD","Bradley, Tyler","Bradley, Tyler","228"
"CAT5EX 10FT","N-Tron","ENET cables for field mountable switches","15","CAD","Bradley, Tyler","Bradley, Tyler","229"
"CAT5EX 50FT","N-Tron","ENET cables for field mountable switches","25","CAD","Bradley, Tyler","Bradley, Tyler","230"
"CAT5EX 100FT","N-Tron","ENET cables for field mountable switches","50","CAD","Bradley, Tyler","Bradley, Tyler","231"
"55544","Murrelektronik","MVK-ME DIO12 DIO4/IOL4 4P MVK EthernetIP compact module, metal housing,","403.8","USD","Bradley, Tyler","Bradley, Tyler","232"
"6GK5208-0BA00-2AF2","Siemens","8-PORT SCALANCE XF208 MANAGED IE SWITCH","1,780","CAD","Bradley, Tyler","Bradley, Tyler","233"
"58852","Murrelektronik","Xelity67 Ethernet  2Ã— M12 (female), X-coded + 8Ã— M12 (female), D-coded","560.45","USD","Bradley, Tyler","Bradley, Tyler","234"
"55557","Murrelektronik","MVK-MPNIO F DI8/4 F DO4 (MVK ProfiNet/PROFIsafe)","728","USD","Bradley, Tyler","Bradley, Tyler","235"
"6GK5212-2BB00-2AA3","Siemens","(Scalance X212, 12 ports managed IP20)","5,250","CAD","Bradley, Tyler","Bradley, Tyler","236"
"6GK5216-0BA00-2AA3","Siemens","(Scalance X216, 16 ports managed IP20)","2,345","CAD","Bradley, Tyler","Bradley, Tyler","237"
"6GK5224-0BA00-2AA3 ","Siemens","(Scalance X224, 24 ports managed IP20)","3,564","CAD","Bradley, Tyler","Bradley, Tyler","238"
"6GK5208-0HA00-2AS6","Siemens","SCALANCE XP208, MANAGED IE SWITCH, 8 X 10/100MBIT/S M12-PORTS, IP65/67, LED-DIAGNOSIS","1,207","CAD","Bradley, Tyler","Bradley, Tyler","239"
"6GK5216-0HA00-2AS6","Siemens","SCALANCE XP216, MANAGED IE SWITCH, 12 X 10/100MBIT/S M12-PORTS, 4 X 10/100/1000MBIT/S M12-PORTS IP65/67, LED-DIAGNOSIS","2,075","CAD","Bradley, Tyler","Bradley, Tyler","240"
"6GK5208-0BA00-2AC2","Siemens","SCALANCE XC208 manageable layer 2 IE Switch; 8x 10/100 Mbit/s","844","CAD","Bradley, Tyler","Bradley, Tyler","241"
"6GK5216-0BA00-2AC2 ","Siemens","SCALANCE XC216 manageable layer 2 IE Switch; 16X 10/100 Mbit/s","1,547.40","CAD","Bradley, Tyler","Bradley, Tyler","242"
"6GK5204-0BA00-2BF2","Siemens","SCALANCE XF204IRT, FLAT, MANAGED IE IRT SWITCH, 4 X 10/100MBIT/S RJ45 PORTS","1,641.18","CAD","Bradley, Tyler","Bradley, Tyler","243"
"6GK5615-0AA00-2AA2","Siemens","Scalance S615 LAN Router, NAT/NAPT, 5 Port Managed Switch","1,132.49","USD","Bradley, Tyler","Bradley, Tyler","244"
"6GK5216-0HA00-2TS6","Siemens","SCALANCE XP216 (EIP), managed IE switch, 12x 10/100 Mbit/s IEC 62443-4-2 certified; M12 ports, 4x 10/100/1000 Mbit/s M12 ports IP65, LED diagnostics, error signaling contact, redundant power supply, Ethernet/IP, network management, including dust caps, including electronic manual on CD-ROM, C-PLUG optional.","2,074.93","USD","Bradley, Tyler","Bradley, Tyler","245"
"1783-CMS10DN","Allen-Bradley","Stratix 5200 10 Port Switch","1,455.22","USD","Bradley, Tyler","Bradley, Tyler","246"
"1783-CMS10P","Allen-Bradley","Stratix 5200 10 Port Switch","1,825.84","USD","Bradley, Tyler","Bradley, Tyler","247"
"1783-CMS20DB","Allen-Bradley","Stratix 5200 20 Port Switch","3,339.64","USD","Bradley, Tyler","Bradley, Tyler","248"
"1783-CMS20DN","Allen-Bradley","Stratix 5200 20 Port Switch","2,421.50","USD","Bradley, Tyler","Bradley, Tyler","249"
"1783-CMS20DP","Allen-Bradley","Stratix 5200 20 Port Switch","140.72","USD","Bradley, Tyler","Bradley, Tyler","250"
"1783-CMS6P","Allen-Bradley","Stratix 5200 6 Port Switch","1,006.30","USD","Bradley, Tyler","Bradley, Tyler","251"
"943-434-023","Hirschmann","16 Port Managed Switch","3,435.48","USD","Bradley, Tyler","Bradley, Tyler","252"
"6GT2002-0JE20","Siemens","RFID communication module RF186C for PROFINET, Ethernet, EtherNet/IP, 2 readers connectable","975","USD","Bradley, Tyler","Bradley, Tyler","253"
"6GK19011BB102AA0","Siemens","IE FC RJ45 PLUG 180 2X2, RJ45 PLUG CONNECTOR (10/100MBIT/S) W. RUGGED METAL HOUSING AND FC CONNECTING METHOD, FOR IE FC CABLE 2X2 180 DGR CABLE OUTLET 1 PACK = 1 PCS","23","CAD","Bradley, Tyler","Bradley, Tyler","254"
"6XV18402AH10","Siemens","SIMATIC NET, IE FC TP STANDARD CABLE, GP 2X2 (PROFINET TYP A) TP INSTALLATION CABLE FOR CONNECTION TO FC OUTLET RJ45, FOR UNIVERSAL APPLICATION, 4-WIRE, SHIELDED, CAT. 5, SOLD BY THE METER MAX. CONSIGNMENT: 2000 M, MIN. ORDERING QUANTITY: 20 M","2.29","CAD","Bradley, Tyler","Bradley, Tyler","255"
"6GK19050FB00","Siemens","7/8"" CONNECTING PLUG W. AXIAL CABLE OUTLET FOR FIELD ASSEMBLY OF ET 200, SOCKET CONNECTOR,  PACK. UNIT 5 PIECES","165","CAD","Bradley, Tyler","Bradley, Tyler","256"
"6GK19050FA00","Siemens","7/8"" CONNECTING PLUG W. AXIAL CABLE OUTLET FOR FIELD ASSEMBLY OF ET 200; PIN CONNECTOR, PACK. UNIT 5 PIECES","159.22","CAD","Bradley, Tyler","Bradley, Tyler","257"
"6XV18308AH10","Siemens","SIMATIC NET ENERGY CABLE, 5-WIRE ENERGY CABLE, LITZ WIRE, 5 X 1.5 SQMM, TRAILING TYPE MAX. CONSIGNMENT: 1000 M, MIN. LENGTH ORDERED: 20 M SOLD BY THE METER","5.39","CAD","Bradley, Tyler","Bradley, Tyler","258"
"6GT28914FH20","Siemens","SIMATIC RF300/600 CONNECT. CABLE, PREASSEMBLED, BETWEEN ASM 456, RF160C, RF170C, RF18XC AND READER OR EXTENSION CABLE FOR ASM 456, RF170C OR RF18XC WITH MOBY D/E/I/U, RF300/600, PUR, CMG, TRAILING, LENGTH 2 M","63","CAD","Bradley, Tyler","Bradley, Tyler","259"
"6GT28914FH50","Siemens","SIMATIC RF300/600 CONNECT. CABLE, PREASSEMBLED, BETWEEN ASM 456, RF160C, RF170C, RF18XC AND READER, OR EXTENSION CABLE FOR ASM 456, RF170C OR RF18XC WITH MOBY D/E/I/U, RF300/600 PUR, CMG, TRAILING, LENGTH 5 M","73","CAD","Bradley, Tyler","Bradley, Tyler","260"
"6GT28914FN10","Siemens","SIMATIC RF300 CONNECT. CABLE, PREASSEMBLED, BETWEEN ASM 456, RF160C, RF170C, RF18XC AND READER, OR EXTENSION CABLE FOR ASM 456, RF170C OR RF18XC WITH MOBY D/E/I/U, RF300/600 PUR, CMG, LENGTH 10 M","87","CAD","Bradley, Tyler","Bradley, Tyler","261"
"6GT28914FN20","Siemens","SIMATIC RF300/600 CONNECT. CABLE, PREASSEMBLED, BETWEEN ASM 456, RF160C, RF170C, RF18XC AND READER, OR EXTENSION CABLE FOR ASM 456, RF170C AND RF18XC WITH MOBY D/E/I/U, RF300/RF600 PUR, CMG, TRAILING, LENGTH 20 M","119","CAD","Bradley, Tyler","Bradley, Tyler","262"
"6GT28914FN50","Siemens","SIMATIC RF300/600 CONNECT. CABLE, PREASSEMBLED, ZWISCHEN ASM 456, RF160C, RF170C, RF18XC AND READER, OR EXTENSION CABLE FOR ASM 456, RF170C AND RF18XC WITH MOBY D/E/I/U, RF300/RF600 PUR, CMG, TRAILING, LENGTH 50 M","236","CAD","Bradley, Tyler","Bradley, Tyler","263"
"6GT28914JH20","Siemens","SIMATIC RF300/600 M12-CONNECT. CABLE, PREASSEMBLED, BETWEEN ASM 456, RF160C, RF170C, RF18XC AND READER PUR, CMG, TRAILING, LENGTH 2 M READER-CONNECTOR ANGLED","87.81","CAD","Bradley, Tyler","Bradley, Tyler","264"
"3RX98020AA00","Siemens","AS-I SCREW CAPS M12,1 SET=10PCS","13,800","CAD","Bradley, Tyler","Bradley, Tyler","265"
"6ES71943JA000AA0","Siemens","SIMATIC DP, BLANK PLUG 7/8"" FOR ET 200, 10 PIECES PER PACKAGING UNIT","9","CAD","Bradley, Tyler","Bradley, Tyler","266"
"6GT28012AB10","Siemens","SIMATIC RF300 READER RF340R (RF300+ISO15693) WITH RS422-INTERFACE (3964R) IP 67, -25 UP TO +70 DGR/C, 75 X 75 X 41 MM WITH INTEGRATED ANTENNA","701","CAD","Bradley, Tyler","Bradley, Tyler","267"
"6GT28004BB00","Siemens","SIMATIC RF300 TRANSPONDER RF340T 8 KBYTE FRAM, IP 68, -25 UP TO +85 DEGR/C, 48 MM X 25 MM X 15 MM, MIN. ORDER QUANTITY 5 PCS","140.39","CAD","Bradley, Tyler","Bradley, Tyler","268"
"BIS0131","Balluff","HF read/write heads and antennas ","258.21","CAD","Bradley, Tyler","Bradley, Tyler","269"
"BIS01FJ","Balluff","HF processor units ","1,217.25","CAD","Bradley, Tyler","Bradley, Tyler","270"
"6GT2801-2BA10","Siemens","SIMATIC RF300; Reader RF340R (GEN2); RS422 interface (3964R); IP67","701","CAD","Bradley, Tyler","Bradley, Tyler","271"
"6GT2801-3BA10","Siemens","SIMATIC RF300 Reader RF380R (GEN2) RS422/232 interface (3964R) IP67","1,068","CAD","Bradley, Tyler","Bradley, Tyler","272"
"6GT2600-4AC00","Siemens","D424 RFID Tag (2kByte FRAM)","26.89","CAD","Bradley, Tyler","Bradley, Tyler","273"
"6GT2891-4FH20","Siemens","Transceiver cable (2m)","63","CAD","Bradley, Tyler","Bradley, Tyler","274"
"6GT2891-4FH50","Siemens","SIMATIC RF, MV plug-in cable, pre-assembled, between ASM 456, RF160C, RF170C, RF18XC and reader, or extension cable for ASM 456, RF160C, RF170C, RF18XC with RF, MV, MOBY PUR, trailing, length 5 m.","73","CAD","Bradley, Tyler","Bradley, Tyler","275"
"1494U-J200-C4-LA-M-PC","Allen-Bradley","Disconnect Kits,600V 200 A Sw 200 A Clips,Type J Fuse Clips,Protective Cover,Cable length (4 feet),Lugs Aluminum,Painted Metal Handle","1,540.40","USD","Bradley, Tyler","Bradley, Tyler","276"
"1494U-J60-C4-M-PC","Allen-Bradley","Disconnect Kits, 600V, 60A switch, 60A clips, Type J Fuse Clips, Protective Cover, Cable length (4 feet), Painted Metal Handle","570.04","USD","Bradley, Tyler","Bradley, Tyler","277"
"1494U-J100-C3-M-PC","Allen-Bradley","Disconnect Kits, 600V, 100A switch, 100A clips, Type J Fuse Clips, Protective Cover, Cable length (3 feet), Painted Metal Handle","731.99","USD","Bradley, Tyler","Bradley, Tyler","278"
"1494U-J200-C4-M-PC","Allen-Bradley","Disconnect Kits, 600V, 200A switch, 200A Clips,Type J Fuse Clips,Protective Cover, Cable length (4 feet), Painted Metal Handle","1,333.69","USD","Bradley, Tyler","Bradley, Tyler","279"
"1489-M3C100","Allen-Bradley","Bulletin 1489-M Thermal-magnetic Circuit Breakers, Standard configuration, AC, 3 Pole Configuration, Trip Curve C, UL/CSA Max. Voltage: 480Y/277V AC , IEC/EN Max. Voltage: 400V AC,10A","140.72","USD","Bradley, Tyler","Bradley, Tyler","280"
"1489-M3C200","Allen-Bradley","Bulletin 1489-M Thermal-magnetic Circuit Breakers, Standard configuration, AC, 3 Pole Configuration, Trip Curve C, UL/CSA Max. Voltage: 480Y/277V AC , IEC/EN Max. Voltage: 400V AC,20A","140.72","USD","Bradley, Tyler","Bradley, Tyler","281"
"1489-M3C300","Allen-Bradley","Bulletin 1489-M Thermal-magnetic Circuit Breakers, Standard configuration, AC, 3 Pole Configuration, Trip Curve C, UL/CSA Max. Voltage: 480Y/277V AC , IEC/EN Max. Voltage: 400V AC,30A","156.87","USD","Bradley, Tyler","Bradley, Tyler","282"
"1489-M3C500","Allen-Bradley","Bulletin 1489-M Thermal-magnetic Circuit Breakers, Standard configuration, AC, 3 Pole Configuration, Trip Curve C, UL/CSA Max. Voltage:240V AC; IEC/EN Max. Voltage 400V AC,50A","194.92","USD","Bradley, Tyler","Bradley, Tyler","283"
"1489-M1CXXX (1A - 20A)","Allen-Bradley","Bulletin 1489-M Thermal-magnetic Circuit Breakers, Standard configuration, AC, 1 Pole Configuration, Trip Curve C, UL/CSA Max. Voltage: 277V AC, 48V DC ; IEC/EN Max. Voltage: 230V AC, 1A - 20A","54.44","USD","Bradley, Tyler","Bradley, Tyler","284"
"85-1050SH","Dongan","85 Series General Purpose Transformer, 240x480 Primary, 120/240 Secondary, 3kVA","803.31","USD","Bradley, Tyler","Bradley, Tyler","285"
"85-1055SH","Dongan","85 Series General Purpose Transformer, 240x480 Primary, 120/240 Secondary, 5kVA","1,146.72","USD","Bradley, Tyler","Bradley, Tyler","286"
"85-1060SH","Dongan","85 Series General Purpose Transformer, 240x480 Primary, 120/240 Secondary, 7.5kVA","1,505.79","USD","Bradley, Tyler","Bradley, Tyler","287"
"CEP-FSPDB200","Mersen","Power Distribution Block, Compact, Finger-Safe, IP20, 200A","0","USD","Bradley, Tyler","Bradley, Tyler","288"
"CEP-FSPDB160","Mersen","Power Distribution Block, Compact, Finger-Safe, IP20, 160A","72.21","USD","Bradley, Tyler","Bradley, Tyler","289"
" 194R-J30-1753-PBN2 ","Allen-Bradley","Fused Disconnect Switch, 30A, 600VAC, 250VDC, 3-Pole, Class J, Rotary, Standard Shaft, OSHA Padlocking, Touch-Safe Design","107.58","USD","Bradley, Tyler","Bradley, Tyler","290"
"194R-J60-1753","Allen-Bradley","Rotary Disconnect Switch, 60 A, 3-Pole, Class J Fuses, Open Type, UL 98, CSA Certified","13.14","CAD","Bradley, Tyler","Bradley, Tyler","291"
"194R-HM4","Allen-Bradley","Rotary Handle, Black, NEMA Type 3R/3/12/4/4X, IP66, Padlockable","22.09","CAD","Bradley, Tyler","Bradley, Tyler","292"
"BC9JM","Rex Manufacturing","Power transformer - 600/480VAC Pri. - 208Y120VAC Sec.","1,164.63","CAD","Bradley, Tyler","Bradley, Tyler","295"
"BC15JMZ3","Rex Manufacturing","Power transformer - 600/480VAC Pri. - 208Y120VAC Sec.","2,018.29","CAD","Bradley, Tyler","Bradley, Tyler","296"
"BA45JMZ3","Rex Manufacturing","Power transformer - 600/480VAC Pri. - 208Y120VAC Sec.","2,402.44","CAD","Bradley, Tyler","Bradley, Tyler","297"
"BC75JMZ3","Rex Manufacturing","Power transformer - 480VAC Pri. - 208Y120VAC Sec.","4,865.85","CAD","Bradley, Tyler","Bradley, Tyler","298"
"7KM3220-0BA01-1DA0","Siemens","SENTRON PAC3220 LCD 96X96 mm Power Monitoring Device Controll panel instrument","542.57","CAD","Bradley, Tyler","Bradley, Tyler","299"
"GET QUOTE","Rex Manufacturing","Adder for stainless transformers","0","CAD","Bradley, Tyler","Bradley, Tyler","300"
"FN 3256H-64-34","Schaffner","RFI line filter 480VAC, 3 Phase, 64A","315.42","CAD","Bradley, Tyler","Bradley, Tyler","301"
"ESP 415 M1","Furse","Transient voltage suppressor","987.3","CAD","Bradley, Tyler","Bradley, Tyler","302"
"FSPDB3A","Ferraz Shawmut","1 pole finger safe splitter block, 600VAC, 310A","51.29","CAD","Bradley, Tyler","Bradley, Tyler","303"
"USCC3","Ferraz Shawmut","3 pole fuse holder","26.43","CAD","Bradley, Tyler","Bradley, Tyler","304"
"USCC2","Ferraz Shawmut","2 pole fuse holder","17.83","CAD","Bradley, Tyler","Bradley, Tyler","305"
"USCC1","Ferraz Shawmut","1 pole fuse holder","8.79","CAD","Bradley, Tyler","Bradley, Tyler","306"
"LPJ-60SP","Bussmann","Class J Fuses, 60A","19.10545","CAD","Bradley, Tyler","Bradley, Tyler","307"
"LPJ-100SP","Bussmann","Class J Fuses, 100A","35.28822","CAD","Bradley, Tyler","Bradley, Tyler","308"
"LPJ-200SP","Bussmann","Class J Fuses, 200A","61.34892","USD","Bradley, Tyler","Bradley, Tyler","309"
"LP-CC-15","Bussmann","Class CC fuses","5.77402","CAD","Bradley, Tyler","Bradley, Tyler","310"
"3VA9278-0DK84","Siemens","FLANGE MOUNTED STAINLESS STEEL DISCONNECT","352.57","USD","Bradley, Tyler","Bradley, Tyler","311"
"3VA6160-0HN31-0AA0","Siemens","3VA UL MOLDED CASE CIRCUIT BREAKER, 60A","884","CAD","Bradley, Tyler","Bradley, Tyler","312"
"3VA6110-6HN31-0AA0","Siemens","3VA UL MOLDED CASE CIRCUIT BREAKER, 100A","692.87","CAD","Bradley, Tyler","Bradley, Tyler","313"
"3VA6225-6HN31-0AA0","Siemens","3VA UL MOLDED CASE CIRCUIT BREAKER, 250A","1,284.95","CAD","Bradley, Tyler","Bradley, Tyler","314"
"3VA9271-0WF31","Siemens","3VA61/62 TERMINAL COVER EXTENDER, 3 POLE","35.97","USD","Bradley, Tyler","Bradley, Tyler","315"
"3VA9143-0JH12","Siemens","3VA61/62 TERMINAL SET WITH CONTROL WIRE TAP","54.21","USD","Bradley, Tyler","Bradley, Tyler","316"
"3RV2742-5BD10","Siemens","Circuit breaker size S3 for system protection with approval circuit breaker UL 489, CSA C22.2 No.5-02 A-release 15 A","280","USD","Bradley, Tyler","Bradley, Tyler","317"
"3RV2742-5ED10","Siemens","Circuit breaker size S3 for system protection with approval circuit breaker UL 489, CSA C22.2 No.5-02 A-release 30 A","315","USD","Bradley, Tyler","Bradley, Tyler","318"
"5SJ4105-7HG41","Siemens","0.5A 240VAC 1-POLE CIRCUIT BREAKER-TRIP CURVE C","115.74","CAD","Bradley, Tyler","Bradley, Tyler","319"
"5SJ4101-7HG41","Siemens","1A 240VAC 1-POLE CIRCUIT BREAKER-TRIP CURVE C","115.74","CAD","Bradley, Tyler","Bradley, Tyler","320"
"5SJ4102-7HG41","Siemens","2A 240VAC 1-POLE CIRCUIT BREAKER-TRIP CURVE C","115.74","CAD","Bradley, Tyler","Bradley, Tyler","321"
"5SJ4103-7HG41","Siemens","3A 240VAC 1-POLE CIRCUIT BREAKER-TRIP CURVE C","115.74","CAD","Bradley, Tyler","Bradley, Tyler","322"
"5SJ4104-7HG41","Siemens","4A 240VAC 1-POLE CIRCUIT BREAKER-TRIP CURVE C","115.74","CAD","Bradley, Tyler","Bradley, Tyler","323"
"5SJ4111-7HG41","Siemens","5A 240VAC 1-POLE CIRCUIT BREAKER-TRIP CURVE C","64.93","CAD","Bradley, Tyler","Bradley, Tyler","324"
"5SJ4106-7HG41","Siemens","6A 240VAC 1-POLE CIRCUIT BREAKER-TRIP CURVE C","115.74","CAD","Bradley, Tyler","Bradley, Tyler","325"
"5SJ4108-7HG41","Siemens","8A 240VAC 1-POLE CIRCUIT BREAKER-TRIP CURVE C","115.74","CAD","Bradley, Tyler","Bradley, Tyler","326"
"5SJ4110-7HG41","Siemens","10A 240VAC 1-POLE CIRCUIT BREAKER-TRIP CURVE C","96.76","CAD","Bradley, Tyler","Bradley, Tyler","327"
"5SJ4113-7HG41","Siemens","13A 240VAC 1-POLE CIRCUIT BREAKER-TRIP CURVE C","96.76","CAD","Bradley, Tyler","Bradley, Tyler","328"
"5SJ4118-7HG41","Siemens","15A 240VAC 1-POLE CIRCUIT BREAKER-TRIP CURVE C","54.25","CAD","Bradley, Tyler","Bradley, Tyler","329"
"9000-41034-0100400","Murrelektronik","Electronic fusing, 4 channel, 1, 2, 3, 4A","80.11","CAD","Bradley, Tyler","Bradley, Tyler","330"
"100-C09DJ01","Allen-Bradley","Contactor coil, 9A, 24VDC coil, 3 pole","53.82","CAD","Bradley, Tyler","Bradley, Tyler","331"
"52000","Murrelektronik","MIRO 6.2 24VDC-1U RELAY IN:24VDC - OUT: 250VAC/DC / 6A","8.93","CAD","Bradley, Tyler","Bradley, Tyler","332"
"100-FA04","Allen-Bradley","Auxiliary contacts for contactor/relay","21.16","CAD","Bradley, Tyler","Bradley, Tyler","333"
"SDN 5-24-100P","Sola","5A 24VDC POWER SUPPLY SINGLE PHASE IP20","301.5","USD","Bradley, Tyler","Bradley, Tyler","334"
"SDN 10-24-100P","Sola","10A 24VDC POWER SUPPLY SINGLE PHASE IP20","438.5","USD","Bradley, Tyler","Bradley, Tyler","335"
"SDN 20-24-100P","Sola","20A 24VDC POWER SUPPLY SINGLE PHASE IP20","729.5","USD","Bradley, Tyler","Bradley, Tyler","336"
"6EP1333-3BA10","Siemens","5A 24VDC POWER SUPPLY SINGLE PHASE IP20","222.67","CAD","Bradley, Tyler","Bradley, Tyler","337"
"6EP1334-3BA10","Siemens","10A 24VDC POWER SUPPLY SINGLE PHASE IP20","281.87","CAD","Bradley, Tyler","Bradley, Tyler","338"
"6EP1336-3BA10","Siemens","20A 24VDC POWER SUPPLY SINGLE PHASE IP20","371","CAD","Bradley, Tyler","Bradley, Tyler","339"
"6EP1337-3BA00","Siemens","40A 24VDC POWER SUPPLY SINGLE PHASE IP20","1,330","CAD","Bradley, Tyler","Bradley, Tyler","340"
"6EP3436-8SB00-0AY0","Siemens","SITOP PSU8200 24 V/20 A stabilized power supply input: 400-500 V 3 AC","329","CAD","Bradley, Tyler","Bradley, Tyler","341"
"6EP3437-8MB00-2CY0","Siemens","SITOP PSU8600 24 V/40 A stabilized power supply input: 400-500 V 3 AC","964.62","CAD","Bradley, Tyler","Bradley, Tyler","342"
"6EP1437-3BA10","Siemens","40A 24VDC POWER SUPPLY THREE PHASE IP20","513.63","CAD","Bradley, Tyler","Bradley, Tyler","343"
"6EP4437-8XB00-0CY0","Siemens","SITOP CNX8600 4x10 A expansion module for PSU8600 output: 24 V DC/4x 10 A","305.67","CAD","Bradley, Tyler","Bradley, Tyler","344"
"6EP1434-2BA20","Siemens","SITOP PSU300S 24 V/10 A Stabilized power supply input: 400-500 V 3 AC output","234","CAD","Bradley, Tyler","Bradley, Tyler","345"
"6EP4297-8HB10-0XY0","Siemens","SITOP BUF8600 300ms buffer module for PSU8600 buffer capacity 300 ms/40 A","432","CAD","Bradley, Tyler","Bradley, Tyler","346"
"85002","Murrelektronik","24VDC, 20A linear power supply","175.14","USD","Bradley, Tyler","Bradley, Tyler","347"
"85676","Murrelektronik","EMPARRO67 POWER SUPPLY 1-PHASE,ELECTRONIC AUXILIARY CIRCUIT 2-CHANNELSIN: 100-240VAC OUT: 24VDC/MAX. 10A (1-8/CHANNEL)","272.35","USD","Bradley, Tyler","Bradley, Tyler","348"
"FPT500.245-034-105","PULZ","Field PS, 500W, 380-480VAC 3PH, 24-28VDC, 20.8-17.9A (In M12-S, Out (2) M12-L), IO-Link, IP65/67","1,008","USD","Bradley, Tyler","Bradley, Tyler","349"
"FPT300.242-002-101","PULZ","Field PS, 300W, 380-480VAC 3PH, 24VDC, 12.5A (In HAN Q4/2, Out HAN Q4/0), IP65/67","540","USD","Bradley, Tyler","Bradley, Tyler","350"
"GFR5252","Hubbell"," GFCI Duplex Receptacle, 15A, 125V, 2-Pole, 3-Wire, NEMA 5-15R, Commercial Grade, Side Wired, Ivory","28.61976","CAD","Bradley, Tyler","Bradley, Tyler","351"
"6EP1334-7CA10","Siemens","SITOP PSU100P IP67 stabilized power supply input: 120/230 V AC output: 24 V DC/8 A outgoing connector: M12 L-coded","465.83","CAD","Bradley, Tyler","Bradley, Tyler","354"
"A84X7818FTCLP","Hoffmann","Heavy-Duty Disconnect Enclosure, Type 12, 84.12x78.50x18.12 in, Mild Steel, Powder Coated Gray, IP55, UL 508A, cUL CSA Certified, 2-Door, Freestanding, No Panel Included","6,616.95","CAD","Bradley, Tyler","Bradley, Tyler","355"
"AMOD84X7818FTCLP","Hoffmann","Modular Disconnect Enclosure, Type 12, 2-Door, 84.12x78.50x18.12 in, Steel, Flange Mount, IP55, UL 508A, CSA Certified","0","CAD","Bradley, Tyler","Bradley, Tyler","356"
"AMOD8418FEP","Hoffmann"," Flat End Plate, 84.12x18.12 in, Steel, ANSI 61 Gray, Low Profile, Includes Gasket and Mounting Hardware","0","CAD","Bradley, Tyler","Bradley, Tyler","357"
"GET QUOTE1","Hoffmann","Large, 304 stainless steel, 2 door, floor mount enclosure  (84""H x 78""W x 18""D)","0","CAD","Bradley, Tyler","Bradley, Tyler","358"
"GET QUOTE2","Hoffmann","Large, 316 stainless steel, 2 door, floor mount enclosure  (84""H x 78""W x 18""D)","0","CAD","Bradley, Tyler","Bradley, Tyler","359"
"A84PM78G","Hoffmann","Backplate for large enclosure - 72"" x 72""","1,294.16","CAD","Bradley, Tyler","Bradley, Tyler","360"
"A72XM4018FTCLP","Hoffmann","Medium, steel, 1 door enclosure  (72""H x 40""W x 18""D)","642.22","CAD","Bradley, Tyler","Bradley, Tyler","361"
"AMOD7218FEP","Hoffmann","Medium, steel, 1 door enclosure  (72""H x 40""W x 18""D)","0","CAD","Bradley, Tyler","Bradley, Tyler","362"
"A727216USSLP","Hoffmann","Medium, 304 stainless steel, 2 door enclosure  (72""H x 72""W x 16""D)","10,809","CAD","Bradley, Tyler","Bradley, Tyler","363"
"A727216USS6LP","Hoffmann","Medium, 316 stainless steel, 2 door enclosure  (72""H x 72""W x 16""D)","0","CAD","Bradley, Tyler","Bradley, Tyler","364"
"A72PM40G","Hoffmann","Backplate for medium enclosure - 72"" x 34""","307.54","CAD","Bradley, Tyler","Bradley, Tyler","365"
"A423616LP","Hoffmann","Small, steel, single door enclosure  (42""H x 36""W x 16""D)","903.55","USD","Bradley, Tyler","Bradley, Tyler","366"
"A48H3616SSLP","Hoffmann","Small, 304 stainless steel, single door enclosure  (42""H x 36""W x 16""D)","3,422.43","CAD","Bradley, Tyler","Bradley, Tyler","367"
"A48H3616SS6LP 316L","Hoffmann","Small, 316 stainless steel, single door enclosure  (42""H x 36""W x 16""D)","0","CAD","Bradley, Tyler","Bradley, Tyler","368"
"A42P36G","Hoffmann","Backplate for small enclosure - 42"" x 33""","178.1","CAD","Bradley, Tyler","Bradley, Tyler","369"
"A161606LP","Hoffmann","Steel junction box  (16""H x 16""W x 6""D)","305.06","CAD","Bradley, Tyler","Bradley, Tyler","370"
"PAINT","Hoffmann","Custom painted steel junction box  (16""H x 16""W x 6""D)","0","CAD","Bradley, Tyler","Bradley, Tyler","371"
"A16H1606SSLP","Hoffmann","304 stainless steel junction box  (16""H x 16""W x 6""D)","880.32","CAD","Bradley, Tyler","Bradley, Tyler","372"
"A16H1606SS6LP 316L","Hoffmann","316 stainless steel junction box  (16""H x 16""W x 6""D)","10,639.68","CAD","Bradley, Tyler","Bradley, Tyler","373"
"A16P16G","Hoffmann","Backplate for junction box - 14"" x 14""","31.84","CAD","Bradley, Tyler","Bradley, Tyler","374"
"110 2080 2000","Pfannenburg","Fan/filter combination for electrical panel","300","CAD","Bradley, Tyler","Bradley, Tyler","375"
"111 2000 2000","Pfannenburg","Fan/filter combination for electrical panel","0","CAD","Bradley, Tyler","Bradley, Tyler","376"
"S101016G050","Hoffmann","SpectraCool Slim Fit Indoor AC S10, 1000W 115V No RAC, 3400 BTU","3,604.68","CAD","Bradley, Tyler","Bradley, Tyler","377"
"ABCO Custom","ABCO","Custom Made Enclosures","1,500","CAD","Bradley, Tyler","Bradley, Tyler","378"
"K50APTGRYF2Q","Banner","optotouch/mounting bracket/10m cable","100.8","CAD","Bradley, Tyler","Bradley, Tyler","379"
"WLB32C570PBQ","Banner","WLB32 LED Work Light Bar, Length 570mm, Hi/Low/Off Switch, Cascadable, Color: Datylight White","88.23","CAD","Bradley, Tyler","Bradley, Tyler","380"
"4000-68523-0000002","Murrelektronik","programming recp and cover","89.06","CAD","Bradley, Tyler","Bradley, Tyler","381"
"4000-68000-4170000","Murrelektronik","MODLINK MSDD DBL COMBI INSERT USA 2XNEMA 5-15  GFCI+1xRJ45 Female/Female with touch protection","57.2","CAD","Bradley, Tyler","Bradley, Tyler","382"
"4000-68000-4040000","Murrelektronik","MODLINK MSDD SINGLE COMBI INSERT USA NEMA 5-15  1xRJ45 Female/Female ","40.03","CAD","Bradley, Tyler","Bradley, Tyler","383"
"4000-68123-0000000","Murrelektronik","MODLINK MSDD FRAME DBL METAL  Nickeled ","31.89","CAD","Bradley, Tyler","Bradley, Tyler","384"
"4000-68000-0030000","Murrelektronik","MODLINK MSDD SOCKET INSERT USA NEMA 5-15  125VAC/15A soldering connection ","17.1","CAD","Bradley, Tyler","Bradley, Tyler","385"
"ALF16D24R","Hoffmann","Lighting for electrical enclosures","270.19","CAD","Bradley, Tyler","Bradley, Tyler","386"
"4"" steel","Hoffmann","4"" x 4"" lay-in steel ducting","0","CAD","Bradley, Tyler","Bradley, Tyler","387"
"4"" painted","Hoffmann","4"" x 4"" lay-in custom painted steel ducting","0","CAD","Bradley, Tyler","Bradley, Tyler","388"
"4"" 304 SS","Hoffmann","4"" x 4"" feed-through 304 stainless steel ducting","0","CAD","Bradley, Tyler","Bradley, Tyler","389"
"6"" steel","Hoffmann","6"" x 6"" lay-in steel ducting","0","CAD","Bradley, Tyler","Bradley, Tyler","390"
"6"" painted","Hoffmann","6"" x 6"" lay-in custom painted steel ducting","0","CAD","Bradley, Tyler","Bradley, Tyler","391"
"6"" 304 SS","Hoffmann","6"" x 6"" feed-through 304 stainless steel ducting","0","CAD","Bradley, Tyler","Bradley, Tyler","392"
"CF105/300EZ","Legrand","wire basket 10'L x 12""W x 4""H","164.26","CAD","Bradley, Tyler","Bradley, Tyler","393"
"Panel Misc","Misc","Miscellaneous panel mounted control equipment (terminals, markers, wire duct, ground bars/lugs, etc)","50","CAD","Bradley, Tyler","Bradley, Tyler","394"
"EX500-GEN1","SMC","SMC Ethernet I/P Gateway ","281.25","CAD","Bradley, Tyler","Bradley, Tyler","395"
"RSSD RJ45S 441-5M","Turck","5m Comminication Cable for Ethernet/IP","48.44","CAD","Bradley, Tyler","Bradley, Tyler","396"
"EX500-AP050-A","SMC","5m Power Cable","15.35","CAD","Bradley, Tyler","Bradley, Tyler","397"
"EX500-IE5","SMC","Input blocks - 16 PNP inputs w/ M8 connectors","105","CAD","Bradley, Tyler","Bradley, Tyler","398"
"EX500-IB1-E8","SMC","Input blocks - 16 PNP inputs w/ M8 connectors","0","CAD","Bradley, Tyler","Bradley, Tyler","399"
"EX500-AC050-SAPA","SMC","5m Field I/O Connection Cable, 90 degree angle both ends","27.37","CAD","Bradley, Tyler","Bradley, Tyler","400"
"EX500-IE3 (x8)","SMC","Input blocks - 16 PNP inputs w/ M12 connectors","105.53","CAD","Bradley, Tyler","Bradley, Tyler","401"
"EX500-IB1-T8","SMC","Input blocks - 16 PNP inputs w/ M12 connectors","0","CAD","Bradley, Tyler","Bradley, Tyler","402"
"EX500-AC050-SSPS","SMC","5m Field I/O Connection Cable, M12, straight angle both ends","22.21","CAD","Bradley, Tyler","Bradley, Tyler","403"
"50E-F43GCQST18-Z","Festo","CPX-FB32 - EtherNet IP Bus Node 1 CPI","307.99","EUR","Bradley, Tyler","Bradley, Tyler","404"
"50E-F43GCQST18T18-Z","Festo","CPX-FB32 - EtherNet IP Bus Node 2 CPI","415.52","EUR","Bradley, Tyler","Bradley, Tyler","405"
"50E-F43GCQS3T18-Z","Festo","CPX-FB32 - EtherNet IP Bus Node 3 CPI","523.05","EUR","Bradley, Tyler","Bradley, Tyler","406"
"CP-E16-M8-EL","Festo","16 Input Module","108.98","EUR","Bradley, Tyler","Bradley, Tyler","407"
"CPX-CP-4-FB","Festo","Electrical interface","116.06","EUR","Bradley, Tyler","Bradley, Tyler","408"
"56E-CPI32P-XGL-R-MAU-4J ","Festo","Standard Valve Bank 4 VALVES","0","EUR","Bradley, Tyler","Bradley, Tyler","409"
"56E-CPI32P-XGL-R-MAAU-8J","Festo","Standard Valve Bank 8 VALVES","491.16","USD","Bradley, Tyler","Bradley, Tyler","410"
"56E-CPI32P-XGL-R-M3AU-12J ","Festo","Standard Valve Bank 12 VALVES","0","EUR","Bradley, Tyler","Bradley, Tyler","411"
"56E-CPI32P-XGL-R-M4AU-16J ","Festo","Standard Valve Bank 16 VALVES","0","EUR","Bradley, Tyler","Bradley, Tyler","412"
"51E-F43GCQPNGKAQF-S 44P-N-V-4B-8L","Festo","VTSA Standard Valve Bank 12 VALVES position with CPX commms 539217","0","EUR","Bradley, Tyler","Bradley, Tyler","413"
"51E-F36GCQCEXEX-D, 32P-SGL-N-MPEAHAH-4KEELL","Festo","CPX Terminal, Ethernet IP Fieldbus, 5 pin 7/8"" DC, 2x 8 DI M12 5 pin 4 port, MPA Manifold, Integrated Pressure Switch, 4x 2x3/2 Single Sol. Valves, 2x 5/3 Exh. Center Valves, 2 Spare","773.43","USD","Bradley, Tyler","Bradley, Tyler","414"
"VSVA-B-B52-ZD-A1-1T1L","Festo","Solenoid valve 539156","43.45","EUR","Bradley, Tyler","Bradley, Tyler","415"
"NEBC-D12G4-ES-10-S-D12G4-ET","Festo","Connecting cable 10m","16.46","EUR","Bradley, Tyler","Bradley, Tyler","416"
"18527","Festo","NTSD-WD-9 Power Connector","6.17","EUR","Bradley, Tyler","Bradley, Tyler","417"
"533119","Festo","NTSD-WD-11 Power connector","8.69","EUR","Bradley, Tyler","Bradley, Tyler","418"
"NECU-G78G4-C2","Festo","Power supply socket","12.34","EUR","Bradley, Tyler","Bradley, Tyler","419"
"KVI-CP-3-WS-WD-2","Festo","CPI M9 angled fieldbus connecting cable 2m","19.76","EUR","Bradley, Tyler","Bradley, Tyler","420"
"KVI-CP-3-WS-WD-5","Festo","CPI M9 angled fieldbus connecting cable 5m","25.34","EUR","Bradley, Tyler","Bradley, Tyler","421"
"KVI-CP-3-WS-WD-8","Festo","CPI M9 angled fieldbus connecting cable 8m","30.35","EUR","Bradley, Tyler","Bradley, Tyler","422"
"KVI-CP-3-GS-GD-2","Festo","CPI M9 Straight fieldbus connecting cable 2m","19.76","EUR","Bradley, Tyler","Bradley, Tyler","423"
"KVI-CP-3-GS-GD-5","Festo","CPI M9 Straight fieldbus connecting cable 5m","25.34","EUR","Bradley, Tyler","Bradley, Tyler","424"
"KVI-CP-3-GS-GD-8","Festo","CPI M9 Straight fieldbus connecting cable 8m","30.35","EUR","Bradley, Tyler","Bradley, Tyler","425"
"10P-10-8A-ETP-N-U-4CJQJQLL","Festo","CPV10 manifold, 8 stations, Mount to ET 200 Pro, 6mm push-in fittings, example valve configuration (4x 2x 3/2 Single Solenoid, 2x 5/2 Double Solenoid w/ Exhaust Flow Control, 2x Blanking Plate)","276.17","EUR","Bradley, Tyler","Bradley, Tyler","426"
"V-SK8P-M12-S-G-5,0M-BK-2-X-A-4-69","Schmersal","Device connection cable (gate switch)","63","USD","Bradley, Tyler","Bradley, Tyler","427"
"A-K4P-M12P-S-G-5M-BK-2-X-T-4","Schmersal","Power cable (gate switch)","79.38","USD","Bradley, Tyler","Bradley, Tyler","428"
"A-K8P-M12-S-G-5M-BK-2-X-A-4-69","Schmersal","Device connection cable (gate switch)","55.44","USD","Bradley, Tyler","Bradley, Tyler","429"
"BNS33-12Z-2187-10M/BPS33","Schmersal","Non-contact safety interlock switch","80.46","USD","Bradley, Tyler","Bradley, Tyler","430"
"SFB-PN-IRT-8M12-IOP-V2","Schmersal","Profsafe module","732.6","USD","Bradley, Tyler","Bradley, Tyler","431"
"AZM40Z-I2-ST-1P2P","Schmersal","Door Switch (non-walk in)","323.4","USD","Bradley, Tyler","Bradley, Tyler","432"
"AZM201Z-ST2-T-1P2PW-A","Schmersal","Man Door Switch (walk in)","405.5","USD","Bradley, Tyler","Bradley, Tyler","433"
"AZM40-B1","Schmersal","Key","52.32","USD","Bradley, Tyler","Bradley, Tyler","434"
"103013499","Schmersal","AZ/AZM201-B30-RTAG1P1-SZ LOTO Handle with emergency exit","68.67","USD","Bradley, Tyler","Bradley, Tyler","435"
"95041","Banner","SLSCP30-1500Q55NT, 14/30 Series Traditional Type 4 Safety Light Curtain, 5 Pin M12","2,139.64","USD","Bradley, Tyler","Bradley, Tyler","436"
"72587","Banner","EZA-MBK-20 EZ-Screen Retrofit Bracket","21.01","USD","Bradley, Tyler","Bradley, Tyler","437"
"100S-C30EJ14C","Allen-Bradley","safety contactor 30A","172.68","CAD","Bradley, Tyler","Bradley, Tyler","438"
"700S-CF620EJC","Allen-Bradley","safety relay","113.28","CAD","Bradley, Tyler","Bradley, Tyler","439"
"GL-R111F ","Keyence","Light curtain - GL-R 14mm detection, 1120mm height","2,500","CAD","Bradley, Tyler","Bradley, Tyler","440"
"GL-R39F ","Keyence","Light curtain - GL-R 14mm detection, 390mm height","950","CAD","Bradley, Tyler","Bradley, Tyler","441"
"GL-RP10PM   ","Keyence","PNP CABLE FOR GL-R LIGHT CURTAIN, 10M","110","CAD","Bradley, Tyler","Bradley, Tyler","442"
"GL-RBO1          ","Keyence","BRACKETS FOR GL-R LIGHT CURTAIN, need 2 per light curtain","27","CAD","Bradley, Tyler","Bradley, Tyler","443"
"GL-RS015","Keyence","GL-R LIGHT CURTAIN EXTENSION CABLE, for cascading light curtains","51","CAD","Bradley, Tyler","Bradley, Tyler","444"
"541 053","Pilz","Coded Safety Switch, PSENcode, non contact (Switch only, no actuator)","116.68","CAD","Bradley, Tyler","Bradley, Tyler","445"
"541 080 ","Pilz","Coded Safety Switch, PSENcode, non contact (actuator only)","20.89","CAD","Bradley, Tyler","Bradley, Tyler","446"
"UM10-4848","Scientific Technologies","Safety mat (48"" x 48"")","2,653","CAD","Bradley, Tyler","Bradley, Tyler","447"
"TKM-4848","Scientific Technologies","Safety mat (48"" x 48"")","0","CAD","Bradley, Tyler","Bradley, Tyler","448"
"MC3","Scientific Technologies","Safety mat (48"" x 48"")","0","CAD","Bradley, Tyler","Bradley, Tyler","449"
"OS31-2-PN","Scientific Technologies","Laser light safety scanner","6,155.34","CAD","Bradley, Tyler","Bradley, Tyler","450"
"RM2","Scientific Technologies","Laser light safety scanner","0","CAD","Bradley, Tyler","Bradley, Tyler","451"
"ATK-VP6Q","Banner","Two hand touch","503.77","CAD","Bradley, Tyler","Bradley, Tyler","452"
"69003","Murrelektronik","Emergency stop with 2 positive opening  contacts in a IP65 enclosure 1 push Button with 1 NO","86.71","USD","Bradley, Tyler","Bradley, Tyler","453"
"69004","Murrelektronik","Emergency stop with 2 positive opening  contacts in a IP65 enclosure Reset Button with 1 illuminated push Button with 1 NO","80.84","USD","Bradley, Tyler","Bradley, Tyler","454"
"1082015","SICK","MicroScan 3 Area Scanner","3,336.27","USD","Bradley, Tyler","Bradley, Tyler","455"
"2102289","SICK","Area Scanner Floor Mounting Bracket","376.66","USD","Bradley, Tyler","Bradley, Tyler","456"
"3RV2011-0AA10","Siemens","S00 MOTOR STARTER PROTECTOR 0.11-0.16A","50.3","CAD","Bradley, Tyler","Bradley, Tyler","457"
"3RV2011-0BA10","Siemens","S00 MOTOR STARTER PROTECTOR 0.14-0.2A","50.3","CAD","Bradley, Tyler","Bradley, Tyler","458"
"3RV2011-0CA10","Siemens","S00 MOTOR STARTER PROTECTOR 0.18-0.25A","50.3","CAD","Bradley, Tyler","Bradley, Tyler","459"
"3RV2011-0DA10","Siemens","S00 MOTOR STARTER PROTECTOR 0.22-0.32A","50.69","CAD","Bradley, Tyler","Bradley, Tyler","460"
"3RV2011-0EA10","Siemens","S00 MOTOR STARTER PROTECTOR 0.28-0.4A","50.69","CAD","Bradley, Tyler","Bradley, Tyler","461"
"3RV2011-0JA10","Siemens","S00 MOTOR STARTER PROTECTOR 0.7-1A","54","CAD","Bradley, Tyler","Bradley, Tyler","462"
"3RV2011-0KA10","Siemens","S00 MOTOR STARTER PROTECTOR 0.9-1.25A","59.19","CAD","Bradley, Tyler","Bradley, Tyler","463"
"3RV2011-1AA10","Siemens","S00 MOTOR STARTER PROTECTOR 1.1-1.6A","59.19","CAD","Bradley, Tyler","Bradley, Tyler","464"
"3RV2011-1BA10","Siemens","S00 MOTOR STARTER PROTECTOR 1.4-2A","60.14","CAD","Bradley, Tyler","Bradley, Tyler","465"
"3RV2011-1CA10","Siemens","S00 MOTOR STARTER PROTECTOR 1.8-2.5A","61.79","CAD","Bradley, Tyler","Bradley, Tyler","466"
"3RV2011-1DA10","Siemens","S00 MOTOR STARTER PROTECTOR 2.2-3.2A","60.14","CAD","Bradley, Tyler","Bradley, Tyler","467"
"3RV2011-1EA10","Siemens","S00 MOTOR STARTER PROTECTOR 2.8-4A","60.14","CAD","Bradley, Tyler","Bradley, Tyler","468"
"3RV2011-1FA10","Siemens","S00 MOTOR STARTER PROTECTOR 3.5-5A","60","CAD","Bradley, Tyler","Bradley, Tyler","469"
"3RV2011-1GA10","Siemens","S00 MOTOR STARTER PROTECTOR 4.5-6.3A","61.79","CAD","Bradley, Tyler","Bradley, Tyler","470"
"3RV2011-1HA10","Siemens","S00 MOTOR STARTER PROTECTOR 5.5-8A","61.79","CAD","Bradley, Tyler","Bradley, Tyler","471"
"3RV2011-1JA10","Siemens","S00 MOTOR STARTER PROTECTOR 7-10A","67.33","CAD","Bradley, Tyler","Bradley, Tyler","472"
"3RV2011-1KA10","Siemens","S00 MOTOR STARTER PROTECTOR 9-12.5A","67.33","CAD","Bradley, Tyler","Bradley, Tyler","473"
"3RV2011-4AA10","Siemens","S00 MOTOR STARTER PROTECTOR 11-16A","71.83","CAD","Bradley, Tyler","Bradley, Tyler","474"
"3RV2021-4AA10","Siemens","S0 MOTOR STARTER PROTECTOR 11-16A","75.16","CAD","Bradley, Tyler","Bradley, Tyler","475"
"3RV2021-4BA10","Siemens","S0 MOTOR STARTER PROTECTOR 14-20A","73","CAD","Bradley, Tyler","Bradley, Tyler","476"
"3RV2021-4CA10","Siemens","S0 MOTOR STARTER PROTECTOR 17-22A","77.69","CAD","Bradley, Tyler","Bradley, Tyler","477"
"3RV2021-4DA10","Siemens","S0 MOTOR STARTER PROTECTOR 20-25A","91.12","CAD","Bradley, Tyler","Bradley, Tyler","478"
"3RV2928-1H","Siemens","S00, S0 MOTOR STARTER PROTECTOR UL508 TERMINAL BLOCK","12.69","CAD","Bradley, Tyler","Bradley, Tyler","479"
"3RA1921-1DA00","Siemens","S00 CONTACTOR TO S00/S0 MOTOR STARTER PROTECTOR LINK MODULE","6.01","CAD","Bradley, Tyler","Bradley, Tyler","480"
"3RV2901-1E","Siemens","S2, S3 MOTOR STARTER PROTECTOR CONTACT BLOCK 1NO/1NC ","9.19","CAD","Bradley, Tyler","Bradley, Tyler","481"
"3RV2901-1F","Siemens","S2, S3 MOTOR STARTER PROTECTOR CONTACT BLOCK 2NO","9.44","CAD","Bradley, Tyler","Bradley, Tyler","482"
"3RK1335-0AS01-0AA0","Siemens","PROFINET M200D COMMUNICATIONS MODULE","353.36","CAD","Bradley, Tyler","Bradley, Tyler","483"
"3RK1395-6KS41-0AD0","Siemens","0.15-2A M200D DIRECT STARTER W/O BRAKE CONTROL","678.17","CAD","Bradley, Tyler","Bradley, Tyler","484"
"3RK1395-6KS41-1AD0","Siemens","0.15-2A M200D REVERSING STARTER W/O BRAKE CONTROL","765.02","CAD","Bradley, Tyler","Bradley, Tyler","485"
"3RK1395-6LS41-0AD0","Siemens","1.5-12A M200D DIRECT STARTER W/O BRAKE CONTROL","715.05","CAD","Bradley, Tyler","Bradley, Tyler","486"
"3RK1395-6LS41-1AD0","Siemens","1.5-12A M200D REVERSING STARTER W/O BRAKE CONTROL","803.1","CAD","Bradley, Tyler","Bradley, Tyler","487"
"6SL3210-1KE17-5AF1","Siemens","SINAMICS G120-(General Purpose)- 3KW, 4HP, PROFINET, INTEGRATED FILTER","1,534.50","CAD","Bradley, Tyler","Bradley, Tyler","488"
"6SL3255-0AA00-4CA1","Siemens","G120 BASIC OPERATOR PANEL","44.42","CAD","Bradley, Tyler","Bradley, Tyler","489"
"6SL3201-0BE21-0AA0","Siemens","G120 BRAKING RESISTOR, 1400 OHMS, 0.2KW THERMAL SWITCH, FOR 2.2-4KW DRIVES","148","CAD","Bradley, Tyler","Bradley, Tyler","490"
"6SL3544-0FB20-1FA0","Siemens","PROFINET G120D STANDARD COMMUNICATIONS MODULE","651.28","CAD","Bradley, Tyler","Bradley, Tyler","491"
"6SL3544-0FB21-1FA0","Siemens","PROFINET G120D SAFE COMMUNICATIONS MODULE","839.69","CAD","Bradley, Tyler","Bradley, Tyler","492"
"6SL3546-0FB21-1FA0","Siemens","PROFINET G120D SAFE COMMUNICATIONS MODULE w/ ON-BOARD POS.","1,743.50","CAD","Bradley, Tyler","Bradley, Tyler","493"
"6SL3525-0PE17-5AA1","Siemens","1hp G120D PM250D POWER MODULE","655.82","CAD","Bradley, Tyler","Bradley, Tyler","494"
"6SL3525-0PE21-5AA1","Siemens","1.5hp G120D PM250D POWER MODULE","1,435.50","CAD","Bradley, Tyler","Bradley, Tyler","495"
"6SL3525-0PE23-0AA1","Siemens","4hp G120D PM250D POWER MODULE","1,283.16","CAD","Bradley, Tyler","Bradley, Tyler","496"
"6SL3525-0PE24-0AA1","Siemens","5hp G120D PM250D POWER MODULE","2,590.50","CAD","Bradley, Tyler","Bradley, Tyler","497"
"6SL3525-0PE25-5AA1","Siemens","7.5hp G120D PM250D POWER MODULE","3,239.50","CAD","Bradley, Tyler","Bradley, Tyler","498"
"6SL3525-0PE27-5AA1","Siemens","10hp G120D PM250D POWER MODULE","3,993","CAD","Bradley, Tyler","Bradley, Tyler","499"
"281E-F12Z-10A-RRG","Allen-Bradley","281E ArmorStart EtherNet/IP for Automotives EtherNet/IPUL Type 4 /12 and IP 67,Current Range 0.24 - 1.2 A","1,257.60","USD","Bradley, Tyler","Bradley, Tyler","500"
"281E-F12Z-10B-RRG","Allen-Bradley","281E ArmorStart EtherNet/IP for Automotives EtherNet/IPUL Type 4 /12 and IP 67,Current Range 0.5 - 2.5 A","1,257.60","USD","Bradley, Tyler","Bradley, Tyler","501"
"281E-F12Z-10C-RRG","Allen-Bradley","281E ArmorStart EtherNet/IP for Automotives EtherNet/IPUL Type 4 /12 and IP 67,Current Range 1.1 - 5.5 A","1,222.47","USD","Bradley, Tyler","Bradley, Tyler","502"
"281E-F23Z-10D-RRG","Allen-Bradley","281E ArmorStart EtherNet/IP for Automotives EtherNet/IPUL Type 4 /12 and IP 67,Current Range 3.0 - 16 A","1,392.90","USD","Bradley, Tyler","Bradley, Tyler","503"
"2198-H040-DP-T","Allen-Bradley","T Connectors for Bus & Control Power","90.42","USD","Bradley, Tyler","Bradley, Tyler","504"
"2198-DB20-F","Allen-Bradley","Kinetix 5700 Line Filter, 20A","234.01","USD","Bradley, Tyler","Bradley, Tyler","505"
"2198-KITCON-D032-L","Allen-Bradley","Kinetix 5700 ERS4 Series A and ERS3 Series B Connector Kit Dual Axis 55mm","185.25","USD","Bradley, Tyler","Bradley, Tyler","506"
"2090-CPBM7DF-14AF20","Allen-Bradley","Motor Power With Brake Wires, SpeedTec DIN Connector, Drive end, Flying lead, Continuous Flex, 14AWG, 20M","750","USD","Bradley, Tyler","Bradley, Tyler","507"
"2090-CPBM7DF-14AF09","Allen-Bradley","Motor Power With Brake Wires, SpeedTec DIN Connector, Drive end, Flying lead, Continuous Flex, 14AWG, 9M","443.87","USD","Bradley, Tyler","Bradley, Tyler","508"
"2090-CPBM7DF-14AF03","Allen-Bradley","Motor Power With Brake Wires, SpeedTec DIN Connector, Drive end, Flying lead, Continuous Flex, 14AWG, 3M","281.95","USD","Bradley, Tyler","Bradley, Tyler","509"
"Misc Wiring","Miscellaneous","Misc. wiring","250","USD","Bradley, Tyler","Bradley, Tyler","510"
"6SL3000-0HE15-0AA0","Siemens","LINE FILTER, 5kw (part number was 16kw filter)","253.18","CAD","Bradley, Tyler","Bradley, Tyler","511"
"6SL3130-6AE15-0AB1","Siemens","SINAMICS S120 5kw SMART LINE MODULE INPUT: 3AC 380-480V, 50/60HZ OUTPUT: 600VDC, 8.3A","914.6","CAD","Bradley, Tyler","Bradley, Tyler","512"
"6SL3040-1MA01-0AA0","Siemens","SINAMICS CONTROL UNIT CU320-2 PN WITHOUT COMPACT FLASH CARD","931.68","CAD","Bradley, Tyler","Bradley, Tyler","513"
"6SL3054-0FC31-1BA0-Z F01","Siemens","SINAMICS S120 CompactFlash card incl. performance expansion incl. licensing (Certificate of License, stored on the card) V5.2 Service Pack 3 F01: 1x Safety license Extended Functions","1,221.55","CAD","Bradley, Tyler","Bradley, Tyler","514"
"6SL3054-0FC31-1BA0-Z F06","Siemens","SINAMICS S120 CompactFlash card incl. performance expansion incl. licensing (Certificate of License, stored on the card) V5.2 Service Pack 3 F06: 6x Safety license Extended Functions","2,931.50","CAD","Bradley, Tyler","Bradley, Tyler","515"
"6SL3120-1TE21-0AD0","Siemens","SINGLE MOTOR MODULE 9A ","1,238","CAD","Bradley, Tyler","Bradley, Tyler","516"
"6SL3120-1TE15-0AD0","Siemens","SINAMICS S120 DC/AC - Booksize, D type, Single Motor Module, 5 amp","1,161","CAD","Bradley, Tyler","Bradley, Tyler","517"
"6SL3162-2MB00-0AC0","Siemens","Power connector (X1) with push-in connection","28","CAD","Bradley, Tyler","Bradley, Tyler","518"
"1FK7032-2AK71-1BB0","Siemens","SIMOTICS S - 1FK7, Compact, Static torque 1.15 Nm, Motor power 0.500 kW, Rated speed 6000 rpm, Shaft height 36.0 mm, Self-cooling (IC410","2,311.29","CAD","Bradley, Tyler","Bradley, Tyler","519"
"1FK7063-2AF71-1BB0","Siemens","SIMOTICS S - 1FK7, Compact, Static torque 11 Nm, Motor power 2.3 kW, Rated speed 3000 rpm, Shaft height 63.0 mm, Self-cooling (IC410","3,046.95","CAD","Bradley, Tyler","Bradley, Tyler","520"
"6FX5002-5DN06-1CA0","Siemens","power cable for both above motors, regular flex, 20 meters ","367.28","CAD","Bradley, Tyler","Bradley, Tyler","521"
"6FX5002-2DC10-1CA0","Siemens","Drive Cliq encoder feedback cable, regular flex, 20 meters","272.3","CAD","Bradley, Tyler","Bradley, Tyler","522"
"6SL3000-0CE15-0AA0","Siemens","5kw line reactor for 5kw Smart Line Module","185.43","CAD","Bradley, Tyler","Bradley, Tyler","523"
"2198-P031","Allen-Bradley","5700 10A DC Bus Supply","1,486.30","USD","Bradley, Tyler","Bradley, Tyler","524"
"2198-P070","Allen-Bradley","5700 27A DC Bus Supply","1,672.05","USD","Bradley, Tyler","Bradley, Tyler","525"
"2198-H040-ADP-IN","Allen-Bradley","K5500 FR1,2 input connectors","82.06","USD","Bradley, Tyler","Bradley, Tyler","526"
"2198-H040-AP-T","Allen-Bradley","K5500 FR1,2 AC control conn","126.13","USD","Bradley, Tyler","Bradley, Tyler","527"
"2198-D006-ERS4","Allen-Bradley","1.4KW 5700 Dual Axis Safe Speed Drive (small)","2,738.35","USD","Bradley, Tyler","Bradley, Tyler","528"
"2198-D020-ERS4","Allen-Bradley","4.4KW 5700 Dual Axis Safe Speed Drive (medium)","3,142.24","USD","Bradley, Tyler","Bradley, Tyler","529"
"2198-D032-ERS4","Allen-Bradley","7.1KW 5700 Dual Axis Safe Speed Drive (large)","3,376.49","USD","Bradley, Tyler","Bradley, Tyler","530"
"2090-CSBM1DE-14AF15","Allen-Bradley","Kinetix Cable Single DSL 2090 Series","560.97","USD","Bradley, Tyler","Bradley, Tyler","531"
"2090-CSBM1DE-14AF25","Allen-Bradley","Kinetix Cable Single DSL 2090 Series","828.5","CAD","Bradley, Tyler","Bradley, Tyler","532"
"2090-CSBM1DE-14AF30","Allen-Bradley","Kinetix Cable Single DSL 2090 Series","962.27","CAD","Bradley, Tyler","Bradley, Tyler","533"
"2198-KITCON-DSL","Allen-Bradley","connector kit","56.07","CAD","Bradley, Tyler","Bradley, Tyler","534"
"VPL-B1153E-PK14AA","Allen-Bradley","Kinetix VP Low Inertia Servo Motor","1,838.96","CAD","Bradley, Tyler","Bradley, Tyler","535"
"VPL-B1653D-QK12AA","Allen-Bradley","Kinetix VP Low Inertia Servo Motor","2,833.36","CAD","Bradley, Tyler","Bradley, Tyler","536"
"VPL-B1654D-PK14AA","Allen-Bradley","Kinetix VP Low Inertia Servo Motor","3,698.28","CAD","Bradley, Tyler","Bradley, Tyler","537"
"7000-14541-7960150","Murrelektronik","M12 MALE,0Â° SHIELDED, D CODED, ETHERNET  PUR 2x2xAWG22 shielded green UL, CSA + drag ch1.5m ","16.72","USD","Bradley, Tyler","Bradley, Tyler","538"
"7000-14541-7960300","Murrelektronik","M12 MALE,0Â° SHIELDED, D CODED, ETHERNET  PUR 2x2xAWG22 shielded green UL, CSA + drag ch3m ","22.15","USD","Bradley, Tyler","Bradley, Tyler","539"
"7000-14541-7960400","Murrelektronik","M12 MALE,0Â° SHIELDED, D CODED, ETHERNET  PUR 2x2xAWG22 shielded green UL, CSA + drag ch4m ","30.4","USD","Bradley, Tyler","Bradley, Tyler","540"
"7000-14541-7960500","Murrelektronik","M12 MALE,0Â° SHIELDED, D CODED, ETHERNET  PUR 2x2xAWG22 shielded green UL, CSA + drag ch5m ","26.03","USD","Bradley, Tyler","Bradley, Tyler","541"
"7000-14541-7960750","Murrelektronik","M12 MALE,0Â° SHIELDED, D CODED, ETHERNET  PUR 2x2xAWG22 shielded green UL, CSA + drag ch7.5m ","41.67","USD","Bradley, Tyler","Bradley, Tyler","542"
"7000-14541-7961000","Murrelektronik","M12 MALE,0Â° SHIELDED, D CODED, ETHERNET  PUR 2x2xAWG22 shielded green UL, CSA + drag ch10m ","53.05","USD","Bradley, Tyler","Bradley, Tyler","543"
"7000-14541-7961500","Murrelektronik","M12 MALE,0Â° SHIELDED, D CODED, ETHERNET  PUR 2x2xAWG22 shielded green UL, CSA + drag ch15m ","71.74","USD","Bradley, Tyler","Bradley, Tyler","544"
"7000-14541-7962000","Murrelektronik","M12 MALE,0Â° SHIELDED, D CODED, ETHERNET  PUR 2x2xAWG22 shielded green UL, CSA + drag ch20m ","96.34","USD","Bradley, Tyler","Bradley, Tyler","545"
"7700-74718-S4W0030","Murrelektronik","RJ45 male 0Â° / RJ45 male 0Â°, Gigabit  TPE 4x2x24AWG SF/UTP CAT5e blue UL/CSA, CM 0,3m ","12.99","USD","Bradley, Tyler","Bradley, Tyler","546"
"7700-74718-S4W0200","Murrelektronik","RJ45 male 0Â° / RJ45 male 0Â°, Gigabit  TPE 4x2x24AWG SF/UTP CAT5e blue UL/CSA, CM 2m ","17.4","USD","Bradley, Tyler","Bradley, Tyler","547"
"7700-74718-S4W0500","Murrelektronik","RJ45 male 0Â° / RJ45 male 0Â°, Gigabit  TPE 4x2x24AWG SF/UTP CAT5e blue UL/CSA, CM 5m ","23.52","USD","Bradley, Tyler","Bradley, Tyler","548"
"7700-74718-S4W1000","Murrelektronik","RJ45 male 0Â° / RJ45 male 0Â°, Gigabit  TPE 4x2x24AWG SF/UTP CAT5e blue UL/CSA, CM 10m ","38.11","USD","Bradley, Tyler","Bradley, Tyler","549"
"7700-74718-S4W1500","Murrelektronik","RJ45 male 0Â° / RJ45 male 0Â°, Gigabit  TPE 4x2x24AWG SF/UTP CAT5e blue UL/CSA, CM 15m ","47.38","USD","Bradley, Tyler","Bradley, Tyler","550"
"7700-74718-S4W2500","Murrelektronik","RJ45 male 0Â° / RJ45 male 0Â°, Gigabit TPE 4x2x24AWG SF/UTP CAT5e bu UL/CSA, CM 25m  ","73.15","USD","Bradley, Tyler","Bradley, Tyler","551"
"7000-48001-2920060","Murrelektronik","M12 MALE 0Â° / M12 Female 0Â° 8 POLE  PUR 8x0,25 GRAY, drag  ch 0.6m ","28.98","USD","Bradley, Tyler","Bradley, Tyler","552"
"7000-48001-2920200","Murrelektronik","M12 MALE 0Â° / M12 Female 0Â° 8 POLE  PUR 8x0,25 GRAY, drag  ch 2m ","34.3","USD","Bradley, Tyler","Bradley, Tyler","553"
"7000-48001-2920500","Murrelektronik","M12 MALE 0Â° / M12 Female 0Â° 8 POLE  PUR 8x0,25 GRAY, drag  ch 5m ","40.37","USD","Bradley, Tyler","Bradley, Tyler","554"
"7000-48001-2921000","Murrelektronik","M12 MALE 0Â° / M12 Female 0Â° 8 POLE  PUR 8x0,25 GRAY, drag  ch 10m (Stacklight)","44.33","USD","Bradley, Tyler","Bradley, Tyler","555"
"7000-17041-2920500","Murrelektronik","M12 Female 0Â°  PUR 8x0,25 GRAY, drag  ch 5m ","20.56","USD","Bradley, Tyler","Bradley, Tyler","556"
"7000-17041-2921000","Murrelektronik","M12 Female 0Â°  PUR 8x0,25 GRAY, drag  ch 10m ","26.86","USD","Bradley, Tyler","Bradley, Tyler","557"
"7000-17041-2921500","Murrelektronik","M12 Female 0Â°  PUR 8x0,25 GRAY, drag  ch 15m ","35.04","USD","Bradley, Tyler","Bradley, Tyler","558"
"7000-17041-2922000","Murrelektronik","M12 Female 0Â°  PUR 8x0,25 GRAY, drag  ch 20m (Stacklight)","46.31","USD","Bradley, Tyler","Bradley, Tyler","559"
"7000-17041-2923000","Murrelektronik","M12 Female 0Â°  PUR 8x0,25 GRAY, drag  ch 30m ","77.23","USD","Bradley, Tyler","Bradley, Tyler","560"
"7000-40021-2240100","Murrelektronik","M12 male 0Â° / M12 Female 0Â°  PUR 4x0.34 Grey UL/CSA 1m ","9.46","USD","Bradley, Tyler","Bradley, Tyler","561"
"7000-40021-2240200","Murrelektronik","M12 male 0Â° / M12 Female 0Â°  PUR 4x0.34 Grey UL/CSA 2m ","10.84","USD","Bradley, Tyler","Bradley, Tyler","562"
"7000-40021-2240500","Murrelektronik","M12 male 0Â° / M12 Female 0Â°  PUR 4x0.34 Grey UL/CSA 5m","14.89","USD","Bradley, Tyler","Bradley, Tyler","563"
"7000-40021-6540500","Murrelektronik","M12 MALE 0Â° / M12 Female 0Â°  PUR 4X0.34 black UL/CSA, ROBOT, drag  ch 5m (Banner Operator Light)","10.25","USD","Bradley, Tyler","Bradley, Tyler","564"
"7000-12221-6540500","Murrelektronik","M12 Female 0Â° with cable  PUR 4x0.34 bk UL/CSA+robot+drag  ch5m + MOSA M8 MALE 0Â° FIELD-WIREABLE (IDC)  3-Pole., 0,14-0,34mmÂ² ","14.91","USD","Bradley, Tyler","Bradley, Tyler","566"
"7000-50021-9650150","Murrelektronik","7/8"" male 0Â° / 7/8"" Female 0Â°  PUR 5x1.0 Grey  1,5m ","38.74","USD","Bradley, Tyler","Bradley, Tyler","568"
"7000-50021-9650300","Murrelektronik","7/8"" male 0Â° / 7/8"" Female 0Â°  PUR 5x1.0 Grey  3m ","45.74","USD","Bradley, Tyler","Bradley, Tyler","569"
"7000-50021-9650500","Murrelektronik","7/8"" male 0Â° / 7/8"" Female 0Â°  PUR 5x1.0 Grey  5m ","54.84","USD","Bradley, Tyler","Bradley, Tyler","570"
"7000-50021-9651000","Murrelektronik","7/8"" male 0Â° / 7/8"" Female 0Â°  PUR 5x1.0 Grey  10m ","75.01","USD","Bradley, Tyler","Bradley, Tyler","571"
"54610","Murrelektronik","MVK Pro MPNIO DIO8 IOL8 M12L 5P PROFINET, compact module, metal","428.38","USD","Bradley, Tyler","Bradley, Tyler","572"
"BCC-M414-E894-8G-695-EM64N9-100 ","Balluff","10 METER, ENET CABLE STRIAGHT M12 ONE END RJ45 OTHER","30.12","CAD","Bradley, Tyler","Bradley, Tyler","573"
"BCC-A314-0000-10-003-VX44W6-100","Balluff","10 METER, 4 POLE AUX POWER FOR I/O LINK MASTER, 7/8"" CONNECTOR ONE END, FLYING LEAD OTHER","37.03","CAD","Bradley, Tyler","Bradley, Tyler","574"
"BNI000R  ","Balluff","I/O LINK INPUT BLOCK. 8 INPUTS","68.08","CAD","Bradley, Tyler","Bradley, Tyler","575"
"BNI004A    ","Balluff","I/O LINK MASTER BNI EIP-502-105-Z015 IO LINK 4 PORTS","394.27","CAD","Bradley, Tyler","Bradley, Tyler","576"
"BNI006A  ","Balluff","I/O LINK MASTER BNI EIP-508-105-Z015 IO LINK 8 PORTS","329.28","CAD","Bradley, Tyler","Bradley, Tyler","577"
"XVUZ02","Schneider Electric","XVUZ02 FIXING PLATE WITH 100MM POLE BLACK","22.03","CAD","Bradley, Tyler","Bradley, Tyler","578"
"XVUC21B","Schneider Electric","XVUC21B XVU BODY (DC) BLACK","24.51","CAD","Bradley, Tyler","Bradley, Tyler","579"
"XVUC26","Schneider Electric","XVUC28 XVU BLUE LED UNIT","39.61","CAD","Bradley, Tyler","Bradley, Tyler","580"
"XVUC23","Schneider Electric","XVUC23 XVU GREEN LED UNIT","29.21","CAD","Bradley, Tyler","Bradley, Tyler","581"
"XVUC28","Schneider Electric","XVUC28 XVU YELLOW LED UNIT","29.21","CAD","Bradley, Tyler","Bradley, Tyler","582"
"XVUC24","Schneider Electric","XVUC24 XVU RED LED UNIT ","29.21","CAD","Bradley, Tyler","Bradley, Tyler","583"
"XVUC9S","Schneider Electric","XVUC9S XVU BUZZER UNIT BLACK","48.77","CAD","Bradley, Tyler","Bradley, Tyler","584"
"Misc ","Miscellaneous","Adder cost for digital outputs","80","CAD","Bradley, Tyler","Bradley, Tyler","585"
"TL30BBGYRXAXQD","Banner","TL30 Basic Tower Light; Black Housing: 4-Color Audible Indicator; Voltage: 12-30 V dc","111.24","USD","Bradley, Tyler","Bradley, Tyler","586"
"8WD44200EA2","Siemens","Siren element, multi-tone 102 dB, 8 tones + adjustable volume, black, 24 V AC/DC, diameter 70 mm","107","USD","Bradley, Tyler","Bradley, Tyler","587"
"8WD44210GA050AG0","Siemens","Complete unit signaling column, connection element for pipe mounting Pipe 250 mm, base, plastic","133.36","USD","Bradley, Tyler","Bradley, Tyler","588"
"334T30K26M010A3","Molex","CABLE, ASSEMBLY, M29, 4 PIN, SHIELDED, TPE, MALE STRAIGHT/FEMALE STRAIGHT, TC-ER, FT4, 1 METER (3.28 FT), 12 AWG, 25A, 600V","186.97","USD","Bradley, Tyler","Bradley, Tyler","589"
"334T30K26M030A3","Molex","CABLE, ASSEMBLY, M29, 4 PIN, SHIELDED, TPE, MALE STRAIGHT/FEMALE STRAIGHT, TC-ER, FT4, 3 METER (9.84 FT), 12 AWG, 25A, 600V","249.23","USD","Bradley, Tyler","Bradley, Tyler","590"
"334T30K26M050A3","Molex","CABLE, ASSEMBLY, M29, 4 PIN, SHIELDED, TPE, MALE STRAIGHT/FEMALE STRAIGHT, TC-ER, FT4, 5 METER (16.4 FT), 12 AWG, 25A, 600V","312.67","USD","Bradley, Tyler","Bradley, Tyler","591"
"CC4030K17M010G","Molex","CABLE, ASSEMBLY, M35 4 PIN, MALE STRAIGHT/FEMALE STRAIGHT, TC-ER, FT4, 1 METER, 10 AWG, 600V, 25A","138.91","USD","Bradley, Tyler","Bradley, Tyler","592"
"CC4030K17M030G","Molex","CABLE, ASSEMBLY, M35 4 PIN, MALE STRAIGHT/FEMALE STRAIGHT, TC-ER, FT4, 3 METER, 10 AWG, 600V, 25A","171.09","USD","Bradley, Tyler","Bradley, Tyler","593"
"CC4030K17M050G","Molex","CABLE, ASSEMBLY, M35 4 PIN, MALE STRAIGHT/FEMALE STRAIGHT, TC-ER, FT4, 5 METER, 10 AWG, 600V, 25A","202.4","USD","Bradley, Tyler","Bradley, Tyler","594"
"CC4030K17M100G","Molex","CABLE, ASSEMBLY, M35 4 PIN, MALE STRAIGHT/FEMALE STRAIGHT, TC-ER, FT4, 10 METER, 10 AWG, 600V, 25A","280.57","USD","Bradley, Tyler","Bradley, Tyler","595"
"CC4030K17M150G","Molex","CABLE, ASSEMBLY, M35 4 PIN, MALE STRAIGHT/FEMALE STRAIGHT, TC-ER, FT4, 15 METER, 10 AWG, 600V, 25A","358.77","USD","Bradley, Tyler","Bradley, Tyler","596"
"CC4030K17M200G","Molex","CABLE, ASSEMBLY, M35 4 PIN, MALE STRAIGHT/FEMALE STRAIGHT, TC-ER, FT4, 20 METER, 10 AWG, 600V, 25A","436.97","USD","Bradley, Tyler","Bradley, Tyler","597"
"TC40C40-200G","Molex","CABLE, TEE, M35 4 PIN, MALE/FEMALE/FEMALE, 600V, 25A","125.61","USD","Bradley, Tyler","Bradley, Tyler","598"
"0985 806 100/5M","Lumberg","M12 Ethernet Cable, 4 pin Male Straight, Male Straight, Unshielded, 5m","78.28","USD","Bradley, Tyler","Bradley, Tyler","599"
"RSRK 40-602/5M","Lumberg","Mini DC Cable, 4 pin, 5M","74.33","USD","Bradley, Tyler","Bradley, Tyler","600"
"RST 4-RKT 4-646/2M","Lumberg","M12 cable, 2m","8.02","USD","Bradley, Tyler","Bradley, Tyler","601"
"ASBS 2 M12-S2326","Lumberg","M12 Splitter","44.04","USD","Bradley, Tyler","Bradley, Tyler","602"
"E12A06004M050","Molex","5m D-CODED TO X-CODED CABLE, ETHERNET, INDUSTRIAL, 4 PIN, MICRO, D-CODE MALE-IN-LINE TO 8 PIN, MICRO, X-CODE MALE-IN-LINE, 2 PAIR, CAT5E, 24 AWG, TEAL, UNSHIELDED, STRANDED, TPE HI-FLEX, 5M","80.2","CAD","Bradley, Tyler","Bradley, Tyler","603"
"E12A06004M150","Molex","15m D-CODED TO X-CODED CABLE, ETHERNET, INDUSTRIAL, 4 PIN, MICRO, D-CODE MALE-IN-LINE TO 8 PIN, MICRO, X-CODE MALE-IN-LINE, 2 PAIR, CAT5E, 24 AWG, TEAL, UNSHIELDED, STRANDED, TPE HI-FLEX, 15M ","132.47","CAD","Bradley, Tyler","Bradley, Tyler","604"
"E12A06004M500","Molex","30m D-CODED TO X-CODED CABLE, ETHERNET, INDUSTRIAL, 4 PIN, MICRO, D-CODE MALE-IN-LINE TO 8 PIN, MICRO, X-CODE MALE-IN-LINE, 2 PAIR, CAT5E, 24 AWG, TEAL, UNSHIELDED, STRANDED, TPE HI-FLEX, 50M","344.63","CAD","Bradley, Tyler","Bradley, Tyler","605"
"ECS 5185","ECSl with 4 pinF","ECS, 5185, INTEGRATED DRIVE CONTACTOR PANEL WITH 4 PIN POWER AND FLANGE DISCONNECT (1-CIRCUIT)","2,000","CAD","Bradley, Tyler","Bradley, Tyler","606"
"ECS 5011","ECStebox) - gateD","ECS, 5011, ENTRANCE GATE CONTROL PANEL (GATEBOX) - GATE SWITCH AND KEY NOT INCLUDED","2,400","CAD","Bradley, Tyler","Bradley, Tyler","607"
"ECS 5091","ECS mutingC","ECS, 5091, SAFETY DEVICE JUNCTION BOX WITH MUTING - 2 SAFETY DEVICES","1,700","CAD","Bradley, Tyler","Bradley, Tyler","608"
"TBEN-LG-8DIP-8DOP","Turck","turck IO","164.32","CAD","Bradley, Tyler","Bradley, Tyler","609"
"1732ES-IB8XOBV4","Allen-Bradley","AB field safety","2,024.20","CAD","Bradley, Tyler","Bradley, Tyler","610"
"SCP102D24X-C02","Sola","Sola Ps","549.2","CAD","Bradley, Tyler","Bradley, Tyler","611"
"Tech PLC","Adder","Additional cost for tech PLC","500","CAD","Bradley, Tyler","Bradley, Tyler","612"
"IPC","Adder","Addition costs for IPC","250","CAD","Bradley, Tyler","Bradley, Tyler","613"
"885030K03M050","Molex","5m SENSOR CORD, ASSEMBLY, MICRO 5 PIN DC SINGLE KEY, TPE, MALE-IN-LINE/ FEMALE, 5 METER ","141.16","CAD","Bradley, Tyler","Bradley, Tyler","614"
"885030K03M100","Molex","10m SENSOR CORD, ASSEMBLY, MICRO 5 PIN DC SINGLE KEY, TPE, MALE-IN-LINE/ FEMALE, 10 METER ","232.4","CAD","Bradley, Tyler","Bradley, Tyler","615"
"7000-17001-2920150","Murrelektronik","Guard Switch Cables, 1.5m","14.84","CAD","Bradley, Tyler","Bradley, Tyler","617"
"MiscWire","Miscellaneous","misc multiconductors, communication cables (per meter)","2.5","CAD","Bradley, Tyler","Bradley, Tyler","618"
"VFD Cable","Olflex","VFD cable, per meter","8.45","CAD","Bradley, Tyler","Bradley, Tyler","619"
"MISCHelu","Helukabel","halogen free, per meter","0","CAD","Bradley, Tyler","Bradley, Tyler","620"
"601204","Olflex","power cable, 12AWG, 4 cond cable (qty in meters)","11.24","CAD","Bradley, Tyler","Bradley, Tyler","621"
"DMR-280X-MAX","Cognex","Fixed barcode reader 1.6MP, 16mm HSLL, Half Polarized, Straight","1,795.25","USD","Bradley, Tyler","Bradley, Tyler","622"
"DMR-8700DX-E","Cognex","Handheld corded DM8700DX reader with Ethernet","1,905.75","USD","Bradley, Tyler","Bradley, Tyler","623"
"DMR-8700DX-BE","Cognex","Handheld bluetooth kit DM8700DX w/ Ethernet Base","2,202.75","USD","Bradley, Tyler","Bradley, Tyler","624"
"CCB-PWRIO-05","Cognex","POWER & I/O M12-12 - 5M CABLE","53.78","USD","Bradley, Tyler","Bradley, Tyler","625"
"CCB-PWRIO-10","Cognex","PWR _ I/O M12-12, 10M CABLE","129.5","USD","Bradley, Tyler","Bradley, Tyler","626"
"CCB-PWRIO-15","Cognex","POWER _ I/O M12-12, 15M CABLE","60","USD","Bradley, Tyler","Bradley, Tyler","627"
"CCB-84901-2001-05","Cognex","X-CODED ETHERNET CABLE 5 METER","124.45","USD","Bradley, Tyler","Bradley, Tyler","628"
"CCB-84901-2001-10","Cognex","X-CODED ETHERNET CABLE 10 METER","75.23","USD","Bradley, Tyler","Bradley, Tyler","629"
"CCB-84901-2001-15","Cognex","X-CODED ETHERNET CABLE 20 METER","81.18","USD","Bradley, Tyler","Bradley, Tyler","630"
"CCB-84901-2001-30","Cognex","X-CODED ETHERNET CABLE 30 METER","156.86","USD","Bradley, Tyler","Bradley, Tyler","631"
"4000-73000-0010000","Murrelektronik","MSDD pass-through RJ45 CAT5e femal/femal, design silver","22.18","USD","Bradley, Tyler","Bradley, Tyler","632"
"DMA-MBC-5000-US","Cognex","5000mAh Multi-Bay Charger + US-Style PSU","382.2","USD","Bradley, Tyler","Bradley, Tyler","633"
"DMC-HH-ENET-05","Cognex","Ethernet: Straight 5m PoE RJ45 (host sid","81.9","USD","Bradley, Tyler","Bradley, Tyler","634"
"DMC-HH-ENET-05C","Cognex","Ethernet: Coiled 5m PoE RJ45 (reader sid","163.8","USD","Bradley, Tyler","Bradley, Tyler","635"
"DMC-HHENETM12-05C","Cognex","DM8700 M12 5m coiled Ethernet cable","113.1","USD","Bradley, Tyler","Bradley, Tyler","636"
"CPS-24V-POE1","Cognex","24V INDUSTRIAL/POE INJECT/IS/M","393.9","USD","Bradley, Tyler","Bradley, Tyler","637"
"DMA-WALL-8700","Cognex","Wired handheld reader mount","62.4","USD","Bradley, Tyler","Bradley, Tyler","638"
"DM100-PIVOTM-01","Cognex","BRACKET, PIVOT, DATAMAN","159.9","USD","Bradley, Tyler","Bradley, Tyler","639"
"HR-X300WB","Keyence","Rugged Industrial Handheld Code Reader, Wireless, Dual 2.3 MP CMOS Cameras, White LED Illumination, TOF Sensor, Bluetooth 5.3, Wi-Fi, USB Type-C, IP65/IP67, Drop Resistance 2.5 m, Wireless Charging","2,509","CAD","Bradley, Tyler","Bradley, Tyler","640"
"ZSA2A1L15AC1689","Euchner","57089
Enabling switch ZSA, with 1,5m cable flying lead, incl. Holder","559.82","CAD","Bradley, Tyler","Bradley, Tyler","641"
"CES-AP-C01-CH-SB-111708","Euchner","111708
Switch without guard locking with connection M12 5-pin, PIN 5 not connected
dimensions: 56,5x40x40, safety outputs: 2
coding: multicode
Not suitable for connection to an IP67 field module","215.15","CAD","Bradley, Tyler","Bradley, Tyler","642"
"CES-I-AP-M-C04-USI-117323","Euchner","117323
safety switch without guard locking CES-I-AP..., plug connector  M12, 5-PIN, Pin 5 not connected, 
pig tail PUR, 0,1 m
Coding: Multicode
2 safety outputs (OSSD), short circuit protection
category 4 / PL e acc. EN ISO 13849-1
Not suitable for Daisy chaining","175.53","CAD","Bradley, Tyler","Bradley, Tyler","643"
"CES-A-BBN-C04","Euchner","115271
BetÃ¤tiger fÃ¼r berÃ¼hrungslosen Sicherheitsschalter 
Actuator for  CESâ€¦C04
dimensions: 42 x 25 mm 
for use with CES switch  CES-I-AP-M-C04-USI-117323","37.76","CAD","Bradley, Tyler","Bradley, Tyler","644"
"CTP-L1-AP-M-HA-AZ-SII-137663","Euchner","137663
Multicode Safety switch with guard locking and integrated evaluation electronics,

closed-circuit current principle,direct connection to decentralized peripheral systems (e.g. ET200pro), 2 safety outputs (semiconductor outputs), Up to category 4 / PL e , Door monitoring output","636.38","CAD","Bradley, Tyler","Bradley, Tyler","645"
"AE-M-A1-99877","Euchner","99877
Emergency release for safety switch CTP/CTA/TP/STP/MGB2","139.31","CAD","Bradley, Tyler","Bradley, Tyler","646"
"AE-L-C-H-123411","Euchner","123411
Lockout bar CTP/CTA","20.66","CAD","Bradley, Tyler","Bradley, Tyler","647"
"A-C-H-W-SST-122668","Euchner","122668
Bent at bottom actuator for safety switch CTP/CTA","81.56","CAD","Bradley, Tyler","Bradley, Tyler","648"
"CTP-L1-AP-M-HA-AE-SII-137664","Euchner","137664
Multicode Safety switch with guard locking and integrated evaluation electronics,

closed-circuit current principle,direct connection to decentralized peripheral systems (e.g. ET200pro), 2 safety outputs (semiconductor outputs), Up to category 4 / PL e , Door monitoring output, With escape release","825.87","CAD","Bradley, Tyler","Bradley, Tyler","649"
"MGB2-L1HEB-PN-M-S3-CA-R-170862","Euchner","170862
MGB2 set containing of locking module (closed circuit principle), low coded, E-Stop, 3 illuminated push buttons, OMR1 key switch, enabling switch connector, handle module, escape release module and PN bus module, DIN right","3,338.53","CAD","Bradley, Tyler","Bradley, Tyler","650"
"MGB2-L1HEB-PN-M-S3-CA-L-170865","Euchner","170865
MGB2 set containing of locking module (closed circuit principle), low coded, E-Stop, 3 illuminated push buttons, OMR1 key switch, enabling switch connector, handle module, escape release module and PN bus module, DIN left","3,338.53","CAD","Bradley, Tyler","Bradley, Tyler","651"
"A-C-H-G-SST-126015","Euchner","126015
Straight actuator for safety switch CTP/CTA","73.56","CAD","Bradley, Tyler","Bradley, Tyler","652"
"MGB2-L1HEB-PN-M-S3-CA-R-170875","Euchner","170875
MGB2 set containing of locking module L1 (closed circuit principle), low coded, E-Stop and 3 illuminated push buttons, handle module, escape release, PN bus module, DIN right","3,078.13","CAD","Bradley, Tyler","Bradley, Tyler","653"
"MGB2-L1HEB-PN-M-S3-CA-L-170878","Euchner","170878
MGB2 set containing of locking module L1 (closed circuit principle), low coded, E-Stop and 3 illuminated push buttons, handle module, escape release, PN bus module, DIN left","3,078.13","CAD","Bradley, Tyler","Bradley, Tyler","654"
"CES-A-BPA","Euchner","98775
Actuator CES-A-BPA  for safety switch CES-A..-C01â€¦
dimensions: 40 x 40 mm","41.19","CAD","Bradley, Tyler","Bradley, Tyler","655"
"CES-A-BBA Â Â Â Â Â Â Â Â Â Â Â Â Â Â Â Â Â Â Â Â Â Â Â Â Â ","Euchner","71840
Actuator CES-A-BBA for safety switch CES-A..-C01...
dimensions..: 42x25x32","39.02","CAD","Bradley, Tyler","Bradley, Tyler","656"
"531030","Festo","Service unit infront of robots or individual valves","0","CAD","Bradley, Tyler","Bradley, Tyler","657"
"8073100","Festo","Plant area without vacuum-1 safety zone
11 valves","0","CAD","Bradley, Tyler","Bradley, Tyler","658"
"FestoMisc3","Festo","Power Cable 10m","150","CAD","Bradley, Tyler","Bradley, Tyler","659"
"FestoMisc2","Festo","Profisafe Cable 10m","200","CAD","Bradley, Tyler","Bradley, Tyler","660"
"FestoMisc1","Festo","Misc Festo","500","CAD","Bradley, Tyler","Bradley, Tyler","661"
"8186121","Festo","Service unit    3/4"" HIGHFLOW ""C2M""","1,380.71","CAD","Bradley, Tyler","Bradley, Tyler","662"
"ELC150R17-900","Leuze","72101109
Sicherheits-Lichtvorhang EmpfÃ¤nger, Type: 4, IEC/EN 61496, SIL: 3, IEC 61508, Performance Level (PL): e, EN ISO 13849-1, Kategorie: 4, EN ISO 13849, Resolution: 17 mm, Protective field height: 900 mm, Response time: 13,2 ms, Connection: Cable with connector, M12, Metal, 4-pin, 200 mm, PUR, Included in delivery contents: 2x sliding block","1,757.79","CAD","Bradley, Tyler","Bradley, Tyler","663"
"ELC105T17-1200","Leuze","72100112
Safety light curtain transmitter, Type: 4, IEC/EN 61496, SIL: 3, IEC 61508, Resolution: 17 mm, Protective field height: 1.200 mm, Operating range: 0,5 ... 6 m, Connection: Cable with connector, M12, Metal, 4-pin, 200 mm, PUR, Included in delivery contents: 2x sliding block","1,144.91","CAD","Bradley, Tyler","Bradley, Tyler","664"
"ELC105T17-1500","Leuze","72100115
Safety light curtain transmitter, Type: 4, IEC/EN 61496, SIL: 3, IEC 61508, Resolution: 17 mm, Protective field height: 1.500 mm, Operating range: 0,5 ... 6 m, Connection: Cable with connector, M12, Metal, 4-pin, 200 mm, PUR, Included in delivery contents: 2x sliding block","1,352.49","CAD","Bradley, Tyler","Bradley, Tyler","665"
"ELC105T17-300","Leuze","72100103
Safety light curtain transmitter, Type: 4, IEC/EN 61496, SIL: 3, IEC 61508, Resolution: 17 mm, Protective field height: 300 mm, Operating range: 0,5 ... 6 m, Connection: Cable with connector, M12, Metal, 4-pin, 200 mm, PUR, Included in delivery contents: 2x sliding block","575.15","CAD","Bradley, Tyler","Bradley, Tyler","666"
"ELC105T17-600","Leuze","72100106
Safety light curtain transmitter, Type: 4, IEC/EN 61496, SIL: 3, IEC 61508, Resolution: 17 mm, Protective field height: 600 mm, Operating range: 0,5 ... 6 m, Connection: Cable with connector, M12, Metal, 4-pin, 200 mm, PUR, Included in delivery contents: 2x sliding block","785.44","CAD","Bradley, Tyler","Bradley, Tyler","667"
"ELC105T17-900","Leuze","72100109
Safety light curtain transmitter, Type: 4, IEC/EN 61496, SIL: 3, IEC 61508, Resolution: 17 mm, Protective field height: 900 mm, Operating range: 0,5 ... 6 m, Connection: Cable with connector, M12, Metal, 4-pin, 200 mm, PUR, Included in delivery contents: 2x sliding block","971.45","CAD","Bradley, Tyler","Bradley, Tyler","668"
"ELC150R17-600","Leuze","72101106
Sicherheits-Lichtvorhang EmpfÃ¤nger, Type: 4, IEC/EN 61496, SIL: 3, IEC 61508, Performance Level (PL): e, EN ISO 13849-1, Kategorie: 4, EN ISO 13849, Resolution: 17 mm, Protective field height: 600 mm, Response time: 9,3 ms, Connection: Cable with connector, M12, Metal, 4-pin, 200 mm, PUR, Included in delivery contents: 2x sliding block","1,335.41","CAD","Bradley, Tyler","Bradley, Tyler","669"
"ELC150R17-300","Leuze","72101103
Sicherheits-Lichtvorhang EmpfÃ¤nger, Type: 4, IEC/EN 61496, SIL: 3, IEC 61508, Performance Level (PL): e, EN ISO 13849-1, Kategorie: 4, EN ISO 13849, Resolution: 17 mm, Protective field height: 300 mm, Response time: 5,4 ms, Connection: Cable with connector, M12, Metal, 4-pin, 200 mm, PUR, Included in delivery contents: 2x sliding block","912.15","CAD","Bradley, Tyler","Bradley, Tyler","670"
"ELC150R17-1500","Leuze","72101115
Sicherheits-Lichtvorhang EmpfÃ¤nger, Type: 4, IEC/EN 61496, SIL: 3, IEC 61508, Performance Level (PL): e, EN ISO 13849-1, Kategorie: 4, EN ISO 13849, Resolution: 17 mm, Protective field height: 1.500 mm, Response time: 21 ms, Connection: Cable with connector, M12, Metal, 4-pin, 200 mm, PUR, Included in delivery contents: 2x sliding block","2,600.75","CAD","Bradley, Tyler","Bradley, Tyler","671"
"ELC150R17-1200","Leuze","72101112
Sicherheits-Lichtvorhang EmpfÃ¤nger, Type: 4, IEC/EN 61496, SIL: 3, IEC 61508, Performance Level (PL): e, EN ISO 13849-1, Kategorie: 4, EN ISO 13849, Resolution: 17 mm, Protective field height: 1.200 mm, Response time: 17,1 ms, Included in delivery contents: 2x sliding block","2,179.27","CAD","Bradley, Tyler","Bradley, Tyler","672"
"SLS46CI-70.K28","Leuze","50121912
Single beam safety device , typ2, transmitter Operating range: 5 ... 70 m; Light source: LED, Infrared; Response time: 2.5 ms","155.47","CAD","Bradley, Tyler","Bradley, Tyler","673"
"SLE46CI-70.K2/4P","Leuze","50121920
Single beam safety device, typ2, ,receiver Response time: 2.5 ms","201.31","CAD","Bradley, Tyler","Bradley, Tyler","674"
"SLE46C-K40.K4/4P","Leuze","50126327
Single beam safety device receiver Response time: 2.5 ms","221.97","CAD","Bradley, Tyler","Bradley, Tyler","675"
"SLS46C-40.K48","Leuze","50126545
Single beam safety device transmitter Operating range: 0.25 ... 40 m; Light source: LED, Red; Response time: 2.5 ms","173.44","CAD","Bradley, Tyler","Bradley, Tyler","676"
"MSI-TRMB-01","Leuze","547931
Safety relay","344.19","CAD","Bradley, Tyler","Bradley, Tyler","677"
"SLS46C-70.K48","Leuze","50126547
Single beam safety device , typ4, transmitter Operating range: 5 ... 70 m; Light source: LED, Red; Response time: 2.5 ms","179.73","CAD","Bradley, Tyler","Bradley, Tyler","678"
"SLE46C-70.K4/4P","Leuze","50126329
Response time: 2.5 ms","239.04","CAD","Bradley, Tyler","Bradley, Tyler","679"
"BT-2Z","Leuze","429057
BT-Z  parallel bracket 2x Design of mounting device: Angle, Z-shape; Material: Metal","35.95","CAD","Bradley, Tyler","Bradley, Tyler","680"
"BT-2SB10","Leuze","424422
BT-2SB10 swiveling mounting bracket 2x Design of mounting device: Mounting clamp; Type of mounting device: Swiveling; Material: Metal","55.72","CAD","Bradley, Tyler","Bradley, Tyler","681"
"BT-2HF","Leuze","429393
swivel mount BT-2HF 2x incl. 1x MLC cylincer Type of mounting device: Turning, 360Â°; Material: Metal, Plastic","24.27","CAD","Bradley, Tyler","Bradley, Tyler","682"
"AC-TR14/30","Leuze","349945
Test rod  14/30 mm Diameter 1: 14 mm; Diameter 2: 30 mm","17.08","CAD","Bradley, Tyler","Bradley, Tyler","683"
"AC-TR20/40","Leuze","349939
Test rod 20/40 mm Diameter 1: 20 mm; Diameter 2: 40 mm","17.97","CAD","Bradley, Tyler","Bradley, Tyler","684"
"AC-SCM8","Leuze","520038
sensor modul for muting","219.28","CAD","Bradley, Tyler","Bradley, Tyler","685"
"UDC-1900-S3","Leuze","549854
0Device column, U-shaped profile height 1900 mm","470.91","CAD","Bradley, Tyler","Bradley, Tyler","686"
"UDC-1600-S2","Leuze","549853
Device column, U-shaped profile height 1600 mm Column height without foot: 1,600 mm","436.75","CAD","Bradley, Tyler","Bradley, Tyler","687"
"LA-78U","Leuze","560020
external  laser alignment aid","524.83","CAD","Bradley, Tyler","Bradley, Tyler","688"
"AC-ALM-M","Leuze","520101
external  alignment aid","398.11","CAD","Bradley, Tyler","Bradley, Tyler","689"
"BT-2SSD-270","Leuze","429049
swivel moun, vibration-dampe 2x incl. 1x MLC cxlinder swivel moun, vibration-dampe 2x incl. 1x MLC cxlinder","26.96","CAD","Bradley, Tyler","Bradley, Tyler","690"
"BT-2L","Leuze","429056
BT-L mounting bracket 2 x Design of mounting device: Angle, L-shape; Material: Metal","29.65","CAD","Bradley, Tyler","Bradley, Tyler","691"
"BT-2P40","Leuze","424417
BT-P40 clamp bracket for mounting in UDC device columns 2x Design of mounting device: Mounting clamp; Type of mounting device: Clampable; Material: Metal","47.63","CAD","Bradley, Tyler","Bradley, Tyler","692"
"CSL710-R40-1570.A/L-M12","Leuze","50128971
Receiver switching Light curtain; Beam spacing: 40mm, Measurment field range: 1570mm, Connetion: M12 5-pin, Operating Range: 0,3-7m","1,247.35","CAD","Bradley, Tyler","Bradley, Tyler","693"
"KDS DN-M12-5A-M12-5A-P3-020","Leuze","50129780
Interconnetion cable for CSL 700, M12 5-pin, shielded, length: 2m","68.29","CAD","Bradley, Tyler","Bradley, Tyler","694"
"CSL710-T40-1570.A-M12","Leuze","50129053
Transmitter switching Light curtain; Beam spacing: 40mm, Measurment field range: 1570mm, Connetion: M12 5-pin, Operating Range: 0,3-7m","904.96","CAD","Bradley, Tyler","Bradley, Tyler","695"
"MICS3-CCAZ90PZ1P01","SICK","1100394
microScan3 Pro - PROFINET AIDA","4,295.27","CAD","Bradley, Tyler","Bradley, Tyler","696"
"Mounting Kit","SICK","2102289
Heavy-duty mounting kit for floor mounting","376.66","CAD","Bradley, Tyler","Bradley, Tyler","697"
"YF2L15-020UH1XLEAX","SICK","2099599
Connecting cable, M12, 5-pin, straight, L-coded, lenght 2m, PUR","35.93","CAD","Bradley, Tyler","Bradley, Tyler","698"
"YF2L15-200UH1XLEAX","SICK","2099628
Connecting cable, M12, 5-pin, straight, L-coded, lenght 20m, PUR","106.86","CAD","Bradley, Tyler","Bradley, Tyler","699"
"CC4030K17M300G","Molex","30m 480VAC CABLE, ASSEMBLY, M35 4 PIN, MALE STRAIGHT/FEMALE STRAIGHT, TC-ER, FT4, 30 METER, 10 AWG, 600V, 25A","593.35","CAD","Bradley, Tyler","Bradley, Tyler","700"
"334T30K26M140A3","Molex","480VAC BRAD POWER C-SIZE (M29), 4 POLE DOUBLE ENDED, MALE/FEMAILE CORDSET, 14 METER (LOAD SIDE AFTER VFDs)","717.89","CAD","Bradley, Tyler","Bradley, Tyler","701"
"304T06K26M005A3","Molex","480VAC BRAD POWER C-SIZE (M29), 4 POLE SINGLE ENDED MALE CORDSET, 0.5 METER","99.31","CAD","Bradley, Tyler","Bradley, Tyler","702"
"114030K12M040","Molex","24VDC CORD, ASSEMBLY, MINI 4 PIN, TPE, MALE-IN-LINE/ FEMALE, 4 METER","90.21","CAD","Bradley, Tyler","Bradley, Tyler","703"
"114030K12M230","Molex","24VDC CORD, ASSEMBLY, MINI 4 PIN, TPE, MALE-IN-LINE/ FEMALE, 23 METER","273.53","CAD","Bradley, Tyler","Bradley, Tyler","704"
"114030K12M380","Molex","24VDC CORD, ASSEMBLY, MINI 4 PIN, TPE, MALE-IN-LINE/ FEMALE, 38 METER","535.81","CAD","Bradley, Tyler","Bradley, Tyler","705"
"2762660000","Weidmueller","JB 25-50 TH
Potential collector 2x 16-50mmÂ²block Rated cross section: screw connection, direct mounting 39mmx32mmx24mm","17.32","CAD","Bradley, Tyler","Bradley, Tyler","706"
"1547500000","Weidmueller","JB 25-50
Potential collector block","24.98","CAD","Bradley, Tyler","Bradley, Tyler","707"
"1547490000","Weidmueller","EBB 25-50/16
Potential collector block","21.43","CAD","Bradley, Tyler","Bradley, Tyler","708"
"2623930000","Weidmueller","FB 16-50
Potential collector block 1 x 16-50mmÂ² ring conductor
Width 20 mm Height: 24 mm Depth: 24 mm
clamping range max: 50mmÂ²
clamping range min: 16mmÂ²
Material: brass
Tightening torque clamping screw: 5 Nm
Mounting on cable duct with M6x9 screw","14.57","CAD","Bradley, Tyler","Bradley, Tyler","709"
"4323230000","Weidmueller","RKDG D13 PT6
Seal for round cable 11 - 13 mm","2.9","CAD","Bradley, Tyler","Bradley, Tyler","710"
"8000055046","Weidmueller","FP Box 10P AC DC
FieldPowerÂ® Box 400V AC & 24V DC without gaskets,gaskets must be ordered separately","476.87","CAD","Bradley, Tyler","Bradley, Tyler","711"
"4323210000","Weidmueller","RKDG D11 PT6
Seal for round cable 9- 11 mm","2.9","CAD","Bradley, Tyler","Bradley, Tyler","712"
"8000055047","Weidmueller","FP Box 10P AC DC ON/OFF
FieldPowerÂ® Box 400V AC & 24V DC with maintenance switch, without gaskets, gaskets must be ordered separately","1,032.50","CAD","Bradley, Tyler","Bradley, Tyler","713"
"4323240000","Weidmueller","DG DO PT6
blind seal","2.9","CAD","Bradley, Tyler","Bradley, Tyler","714"
"4324010000","Weidmueller","RKDG D17 PT6
Seal for round cable 15 - 17 mm","2.9","CAD","Bradley, Tyler","Bradley, Tyler","715"
"4323220000","Weidmueller","RKDG D15 PT6
Seal for round cable 13 - 15 mm","2.9","CAD","Bradley, Tyler","Bradley, Tyler","716"
"4329610000","Weidmueller","RKDG D9 PT6
Seal for round cable  7,5 - 9 mm","2.9","CAD","Bradley, Tyler","Bradley, Tyler","717"
"1957580000","Weidmueller","FP Box GF10 AC
FieldPowerÂ® Box 400V AC & 24V DC without gaskets,gaskets must be ordered separately","60.01","CAD","Bradley, Tyler","Bradley, Tyler","718"
"1547450000","Weidmueller","IE-CL240W-PP-REMOTE
FreeCon contactless (remote)","801","CAD","Bradley, Tyler","Bradley, Tyler","719"
"1547440000","Weidmueller","IE-CL240W-PP-BASE
FreeCon contactless (Base)","942.67","CAD","Bradley, Tyler","Bradley, Tyler","720"
"2623940000","Weidmueller","IE-CL27V5A-PP-S
FreeCon contactless (remote)","1,207.47","CAD","Bradley, Tyler","Bradley, Tyler","721"
"HR-B2","Keyence","Rechargeable Battery Pack, Lithium-ion, 3350 mAh, Dimensions 20.5 Ã— 22.4 Ã— 70.7 mm, Weight 55 g","1","USD","Bradley, Tyler","Bradley, Tyler","722"
"HR-UC2","Keyence","Wireless Communication & Charging Cradle, 12 VDC Power, Max 1500 mA, IP65/IP67, Charging Temp 0â€“40Â°C, Storage Temp -20â€“60Â°C, Material PC, Weight 330 g","1","USD","Bradley, Tyler","Bradley, Tyler","723"
"HR-C2N","Keyence","Network Unit Cable, 2 m Length, Compatible with HR-X Series Handheld Scanners","1","USD","Bradley, Tyler","Bradley, Tyler","724"
"HR-NU2","Keyence","Network Unit, RS-232C & Ethernet Communication, Supports EtherNet/IP & PROFINET, 3 Control Outputs, 24 VDC Power, Material PC, Weight 140 g","1","USD","Bradley, Tyler","Bradley, Tyler","725"
"3VA5130-4EF31-0AA0","Siemens","Low Voltage Molded Case Circuit Breaker, 690 VAC, 500 VDC, 30 A, 3 Poles, Thermal Magnetic Trip, 14 kA at 600Y/347 V, 25 kA at 480 V, 65 kA at 240 V, IP40 Enclosure","357.70","CAD","Bradley, Tyler","Bradley, Tyler","726"
"3VA9133-0JB11","Siemens","wire connector TA1.1 8 AWG...3/0 3 units accessory for: 3VA41; 3VA51
","22.49","CAD","Bradley, Tyler","Bradley, Tyler","727"
"3VA9137-0FK31","Siemens","door mounted rotary operator standard NEMA types 1, 3R, 12, 4/4X with door interlock and door opening position accessory for: 3VA51
","96.37","CAD","Bradley, Tyler","Bradley, Tyler","728"
"3VA5110-4EF31-0AA0","Siemens","Molded Case Circuit Breaker, 125 A, 3 Poles, 480 V, Thermal Magnetic Trip, TM240 Unit, Adjustable Overload (Ir 80–100 A), Adjustable Short-Circuit (Ii 5–10×In), 25 kA at 480 V","463.05","CAD","Bradley, Tyler","Bradley, Tyler","729"
"5840600","Rittal","Free-Standing Enclosure, Sheet Steel, 1000×1800×400 mm, Double Door, NEMA 12/IP55, Dipcoat Primed/Powder Coated, VX25 Compatible","853.66","USD","Bradley, Tyler","Bradley, Tyler","730"
"Enclosure Peripherals","Rittal","8660024 x2
8660041 x2
2500220
2500500
8611070","560","USD","Bradley, Tyler","Bradley, Tyler","731"
"5846600","Rittal","Free-Standing Enclosure, Sheet Steel, 1800×2000×500 mm, Double Door, Two Mounting Levels, Screw-Fastened Rear Panel, VX25 Accessory Compatible","1500","USD","Bradley, Tyler","Bradley, Tyler","732"
"1213000","Rittal","Compact Enclosure, AX Series, 1000×1200×300 mm, Carbon Steel, Wall Mount, NEMA 12, Foamed-In PU Seal, 3-Point Lock, 1000 VAC/1500 VDC","410.53","USD","Bradley, Tyler","Bradley, Tyler","733"
"70E-ECQB4ER-Z","Festo","CPX-AP-A Unit with 4x M8 8 Input modules","871.01","EUR","Bradley, Tyler","Bradley, Tyler","734"
"VTUX-A-S-API-US16J-XLRVAWBGYBGAWBGYBGAWBGYBGAWBGYBGRV4ARV4ARV4AXR-UL1","Festo","16 J type AP-I VTUX Valve manifold","877.05","EUR","Bradley, Tyler","Bradley, Tyler","735"
"VTUX-A-S-API-US8J-XLRVAWBGYBGAWBGYBGAWBGYBGAWBGYBGRV4AXR-UL1","Rittal","8 J type AP-I VTUX Valve manifold","477.67","EUR","Bradley, Tyler","Bradley, Tyler","736"
"6AV2128-3XB06-0AX1","Siemens","SIMATIC HMI MTP2200, Unified Comfort Panel, touch operation, 21.5"" widescreen TFT display, 16 million colors, PROFINET interface, configurable as of WinCC Unified Comfort V16","5672.76","CAD","Bradley, Tyler","Bradley, Tyler","737"
"VTUX-A-S-APA-US8J-XLRV4ARV4AXR  70E-PNQBERLKB-X","Festo","CPX-APA M8 8 Input, 4 IO Link Master, 8 J type Vtux Manifold","1321.84","EUR","Bradley, Tyler","Bradley, Tyler","738"
"6AV7252-5EC20-1BB0","Siemens","SIMATIC IPC PX-39A PRO 22"" multi-touch (1920 x 1080); fully enclosed IP65; 4 USB (back); without USB (front); Ethernet (10/100/1000); Intel Xeon W-11555MLE (1.9/4.4 GHz, 6C/12T); 16 GB; 1st mass storage: M.2 SSD 512 GB Eco; without 2nd mass storage; Windows 10 IoT Enterprise 2021 LTSC with Celeron processors, W-11155MLE, W-11555MLE; support arm (expandable, round pipe); with USB flash drive (restore image; D&D) 24 V DC industrial power supply (premium, power failure, isolated, bridging time)","4111.80","CAD","Bradley, Tyler","Bradley, Tyler","739"
"VV5QC21-08C6SD6EA2N4-126600-PRD","SMC","EX600 Series distributed IO with VVQC2000 valves- 4x 8DI(m3), 8x5/2 double solenoid","1347.57","USD","Bradley, Tyler","Bradley, Tyler","741"
"Ford ACP Modifier","Modifier","Adding for Custom enclosure modifier, Energy monitoring, and other Misc to update to original bom price","5000","CAD","Bradley, Tyler","Bradley, Tyler","743"
"6AV7252-3CC10-1BA0","Siemens","SIMATIC IPC PX-39A PRO 19"" multi-touch (1920 x 1080); fully enclosed IP65; 4 USB (back); without USB (front); Ethernet (10/100/1000); Intel Xeon W-11155MLE (1.8/3.1 GHz, 4C/8T); 16 GB; 1st mass storage: M.2 SSD 256 GB Eco; without 2nd mass storage; Windows 10 IoT Enterprise 2021 LTSC with Celeron processors, W-11155MLE, W-11555MLE; support arm (expandable, round pipe); without USB flash drive (restore image; D&D) 24 V DC industrial power supply (premium, power failure, isolated, bridging time)","6825.84","CAD","Bradley, Tyler","Bradley, Tyler","744"
"6ES7672-7FD02-0YG0","Siemens","SIMATIC S7-1500 Failsafe Software Controller CPU 1507S F single license for 1 installation, runtime software class A, software, documentation and license for download, 1 language (en), executable in SIMATIC Industrial OS V3 reference hardware: SIMATIC IPC2x7G, IPC4x7E, BX/PX-39A","1806.53","CAD","Bradley, Tyler","Bradley, Tyler","745"
"6AV2154-1FB01-8AA0","Siemens","SIMATIC WinCC Unified V18 PC Runtime 5k PowerTags, runtime software in the TIA Portal; single license; with software and documentation on DVD; license key on USB flash drive; class A; 5 languages: de,en,fr,es,it; please observe product release: support.industry.siemens.com entry ID: 109807122 - - content: set (1x DVD + 1x USB)","5,932.20 ","CAD","Bradley, Tyler","Bradley, Tyler","746"
"EGSS-BS-KF-32-50-8P-ST-M-H1-PLK-AA","Festo","Mini Slide Unit, Ball Screw Drive, 50mm Stroke, Stepper Motor, Integrated Controller, IO-Link, ±15µm Accuracy, 24VDC, IP40, Recirculating Ball Bearing Guide
","693.24","EUR","Bradley, Tyler","Bradley, Tyler","747"
"BTP Adder","Adder","Blank Adder for BTP Costing","1","CAD","Bradley, Tyler","Bradley, Tyler","748"
"1232203F","AWP","Cable Seal, Aluminum Body, Galvanized Steel Cable, Variant Size, ISO 17712 Compliant","2.47","CAD","Bradley, Tyler","Bradley, Tyler","763"
"1001803","Elettrotek Kabel","LF100 Control Cable, 18 AWG, 3C, PVC Jacket, Oil Resistant, UL 600 V, OD 6.68 mm","1.14","CAD","Bradley, Tyler","Bradley, Tyler","764"
"1001807","Elettrotek Kabel","LF100 Control Cable, 18 AWG, 7C, PVC Jacket, Oil Resistant, UL 600 V, OD 8.66 mm","2.67","CAD","Bradley, Tyler","Bradley, Tyler","765"
"1001812","Elettrotek Kabel","LF100 Control Cable, 18 AWG, 12C, PVC Jacket, Oil Resistant, UL 600 V, OD 11.35 mm","4.8","CAD","Bradley, Tyler","Bradley, Tyler","766"
"1001825","Elettrotek Kabel","LF100 Control Cable, 18 AWG, 25C, PVC Jacket, Oil Resistant, UL 600 V, OD 16.3 mm","8.11","CAD","Bradley, Tyler","Bradley, Tyler","767"
"1001005","Elettrotek Kabel","LF100 Control Cable, 10 AWG, 5C, PVC Jacket, Oil Resistant, UL 600 V, OD 15.82 mm","9.75","CAD","Bradley, Tyler","Bradley, Tyler","768"
"1001205","Elettrotek Kabel","LF100 Control Cable, 12 AWG, 5C, PVC Jacket, Oil Resistant, UL 600 V, OD 12.7 mm","6.21","CAD","Bradley, Tyler","Bradley, Tyler","769"
"1001405","Elettrotek Kabel","LF100 Control Cable, 14 AWG, 5C, PVC Jacket, Oil Resistant, UL 600 V, OD 9.98 mm","4.29","CAD","Bradley, Tyler","Bradley, Tyler","770"
"1001404","Elettrotek Kabel","LF100 Control Cable, 14 AWG, 4C, PVC Jacket, Oil Resistant, UL 600 V, OD 10.92 mm","2.86","CAD","Bradley, Tyler","Bradley, Tyler","771"
"1001403","Elettrotek Kabel","LF100 Control Cable, 14 AWG, 3C, PVC Jacket, Oil Resistant, UL 600 V","2.25","CAD","Bradley, Tyler","Bradley, Tyler","772"
"1001604","Elettrotek Kabel","LF100 Control Cable, 16 AWG, 4C, PVC Jacket, Oil Resistant, UL 600 V, OD 7.9 mm","1.87","CAD","Bradley, Tyler","Bradley, Tyler","773"
"1001603","Elettrotek Kabel","LF100 Control Cable, 16 AWG, 3C, PVC Jacket, Oil Resistant, UL 600 V, OD 7.2 mm","1.49","CAD","Bradley, Tyler","Bradley, Tyler","774"
"2920447","Phoenix Contact","Type 2 surge arrester with base
","297.16","CAD","Bradley, Tyler","Bradley, Tyler","775"
"3RV2811-4AD10","Siemens","CIRCUIT-BREAKER UL489 15A 600 VAC 3 Phase
","161.84","CAD","Bradley, Tyler","Bradley, Tyler","776"
"3VA5130-4ED36-0AA0","Siemens","Molded Case Circuit Breaker, 3VA51 Frame, 30 A, 3-Pole, 25 kA @ 480 V, TM210 Thermal-Magnetic Trip, Fixed Ir & Ii, Aluminum Lug Connection","394.45","CAD","Bradley, Tyler","Bradley, Tyler","777"
"7KM4220-1BA01-1EA0","Siemens","SENTRON PAC4220, Power Monitoring Device with color graphic TFT display PMD-III acc. to IEC 61557-12 active energy Class 0.2 ","4110","CAD","Bradley, Tyler","Bradley, Tyler","778"
"6ES7516-3FP03-0AB0","Siemens","SIMATIC S7-1500F Safety CPU, 3 MB Program Memory, 7.5 MB Data Memory, PROFINET IRT/RT, PROFIBUS, 6 ns Bit Performance, 24 V DC, LCD Display","5,679.23","CAD","Bradley, Tyler","Bradley, Tyler","779"
"33290F70041A14","Elettrotek Kabel","shielded 14/4","8.51","CAD","Bradley, Tyler","Bradley, Tyler","780"
"33290F70041A16","Elettrotek Kabel","Shiedled 16/4","5.45","CAD","Bradley, Tyler","Bradley, Tyler","781"
"THTEP-171-593-.5","BRADY","Device Label , White, 1.06'' X 0.49'', B-593 Raised","153.09","CAD","Bradley, Tyler","Bradley, Tyler","782"
"THTEP-178-593-.5","BRADY","Device Label , White, 3'' X 3.5'', B-593 Raised","835.27","CAD","Bradley, Tyler","Bradley, Tyler","783"
"1001004","Elettrotek Kabel","10AWG/4c, AC Light Flexible Control Cable, With Ground wire, OD=13.4mm","9.75","CAD","Bradley, Tyler","Bradley, Tyler","784"
"1001805","Elettrotek Kabel","18AWG/5c, DC Light Flexible Control Cable, With Ground wire, OD=7.7mm","2.42","CAD","Bradley, Tyler","Bradley, Tyler","785"
"HS1F2AS","EMERSON","Group 1: 240 x 480 Primary, 120/240 Secondary, 60 Hz","276.98","USD","Bradley, Tyler","Bradley, Tyler","786"
"569251","ERICO","Splitter Block, In 2 Pole 35-95mm, out 12 pole 2.5-10mm","29","USD","Bradley, Tyler","Bradley, Tyler","787"
"41251","ICOTEK","BTK gy / Blank grommet, small, IP54","1.75","USD","Bradley, Tyler","Bradley, Tyler","788"
"42024","ICOTEK","BPK 24 / Blank plate, plastic, screw assembly, IP64","5","USD","Bradley, Tyler","Bradley, Tyler","789"
"42241","ICOTEK","KEL 24|10 / Cable entry frame, centrally split, double row, IP54","35","USD","Bradley, Tyler","Bradley, Tyler","790"
"43846","ICOTEK","FP-AE 339|149-4 / Cable flange plate, 4 x cut-out 36 x 112 mm, for Rittal AE, IP54","30","USD","Bradley, Tyler","Bradley, Tyler","791"
"NBAS-012-1-B","ILSCO","4-3/4"" AL NEUTRAL GROUNDING BAR, 15 COLLARS, 12 CIRCUIT TAPS #4-#14AWG","16.23","CAD","Bradley, Tyler","Bradley, Tyler","792"
"7000-08041-6500500","Murrelektronik","Sensor Cable, 5m Black, M8 Female 3P Straight to Open Ended, Continuous Robotic Flex, PUR-weld","7.62","USD","Bradley, Tyler","Bradley, Tyler","794"
"7000-08331-0000000","Murrelektronik","Connector Field-Wireable, M8 Male 3P Straight, Insulation Displacement Termination, 26AWG-22AWG","6.62","USD","Bradley, Tyler","Bradley, Tyler","795"
"7000-12221-6340500","Murrelektronik","Sensor Cable, 5m Black, M12 Female 4P Straight to Open Ended, Continuous Flex, PUR-OB","7.6","USD","Bradley, Tyler","Bradley, Tyler","796"
"7000-12481-0000000","Murrelektronik","Connector Field-Wireable, M12 Male 4P Straight, Insulation Displacement Termination, 24AWG-20AWG","5.34","USD","Bradley, Tyler","Bradley, Tyler","798"
"7000-13581-0000000","Murrelektronik","Threaded nut, M16 x 1.5mm, For flange mounted M12 Receptacle","0.61","USD","Bradley, Tyler","Bradley, Tyler","799"
"7000-17181-9730150","Murrelektronik","8 Pole Receptacle, Female, M12, Flange Mount, M16x1.5, 1.5M Leads, 60V, 2A, 24AWG, IP67","11.31","USD","Bradley, Tyler","Bradley, Tyler","801"
"7000-17301-0000000","Murrelektronik","Connector Field-Wireable, M12 Male 8P Straight, Screw Terminal, 0.5mm²","12.87","USD","Bradley, Tyler","Bradley, Tyler","802"
"7000-40021-6340060","Murrelektronik","Sensor Cable, 0.6m Black, M12 Male 4P Straight to M12 Female 4P Straight, Continuous Flex, PUR","9.65","USD","Bradley, Tyler","Bradley, Tyler","803"
"7000-40621-6310200","Murrelektronik","PUR 4x0.25 bk UL/CSA+drag ch. 2m","10.83","USD","Bradley, Tyler","Bradley, Tyler","804"
"7000-41121-0000000","Murrelektronik","T-coupler M12-male 5p. / 2x M12-female 4p. Replaced Art.-No. 13880","8.95","USD","Bradley, Tyler","Bradley, Tyler","805"
"7000-44511-7960500","Murrelektronik","M12 male 0° / M12 male, 0°, shielded, Ethernet PUR-OB 2x2x0,34 shielded 5m","32.51","USD","Bradley, Tyler","Bradley, Tyler","806"
"7000-44511-7960750","Murrelektronik","M12 male 0° / M12 male, 0°, shielded, Ethernet PUR-OB 2x2x0,34 shielded 7.5m","45.04","USD","Bradley, Tyler","Bradley, Tyler","807"
"7000-44851-7940200","Murrelektronik","Ethernet Cable 3m, M12 FEMALE, RECEPT, D-COD RM/RJ45, 2m","63.82","USD","Bradley, Tyler","Bradley, Tyler","808"
"7000-48001-7221000","Murrelektronik","Sensor cable, 10m Black, M12 Male 8P Straight to M12 Female 8P Straight,Continuous Flex, PUR-OB","38.17","USD","Bradley, Tyler","Bradley, Tyler","810"
"7000-48111-0000000","Murrelektronik","Control cabinet entry system M12 A-coded 8 pole shielded bulkhead mount pass through","16.15","USD","Bradley, Tyler","Bradley, Tyler","811"
"7000-51001-7900500","Murrelektronik","CAT6A Cable, M12 male straight X-coded to M12 male straight X-coded 10 Gigabits, 5M","60.94","USD","Bradley, Tyler","Bradley, Tyler","812"
"7000-51001-7900750","Murrelektronik","CAT6A Cable, M12 male straight X-coded to M12 male straight X-coded 10 Gigabits, 7.5M","58.44","USD","Bradley, Tyler","Bradley, Tyler","813"
"7000-74311-7900050","Murrelektronik","RJ45 male 0°/RJ45 male 0° Professio.-Line Gigabit PUR 4x2xAWG26 shielded gn UL/CSA 0.5m","16.5","USD","Bradley, Tyler","Bradley, Tyler","814"
"7000-99931-0000000","Murrelektronik","Protection cap for M12 Female","2.24","USD","Bradley, Tyler","Bradley, Tyler","815"
"7000-P4241-P040500","Murrelektronik","Power L-coded Straight Cable, 5m, M12 Male (5-pin) To M12 Female (5-pin), drag chain rated","46.05","USD","Bradley, Tyler","Bradley, Tyler","816"
"7000-P4241-P040750","Murrelektronik","Power L-coded Straight Cable, 7.5m, M12 Male (5-pin) To M12 Female (5-pin), drag chain rated","44.8","USD","Bradley, Tyler","Bradley, Tyler","817"
"7000-P4241-P042000","Murrelektronik","Power L-coded Straight Cable, 20m, M12 Male (5-pin) To M12 Female (5-pin), drag chain rated","103.1","USD","Bradley, Tyler","Bradley, Tyler","818"
"7000-P4291-9800150","Murrelektronik","Connector Flange, M12 L-Code Female 5P Multi-Strand Wire, 5x1.5, 1.5m","33.31","USD","Bradley, Tyler","Bradley, Tyler","819"
"7000-P4591-0000000","Murrelektronik","Connector Field-Wireable, M12 Male 5P L-Coded Straight, Screw Termination, 2.5mm2, Clamping Range 8-13mm Ø","27.06","CAD","Bradley, Tyler","Bradley, Tyler","820"
"7000-P4901-0000000","Murrelektronik","T-Coupler, Male M12-L Code - 2x Female M12 L-Code","54.06","USD","Bradley, Tyler","Bradley, Tyler","821"
"7700-74301-S4U0100","Murrelektronik","TPE Ethernet 1m CAT5E Cable, RJ45 to RJ45, 600V shielded","15.88","USD","Bradley, Tyler","Bradley, Tyler","822"
"116 4380 4055","PFANNENBERG","Gen 4 FILTER FAN, PF43000, 252mmSQ, 24VDC, 12W, 131CFM, NEMA 12, LT.GRAY","234.9","USD","Bradley, Tyler","Bradley, Tyler","823"
"117 4000 4055","PFANNENBERG","GEN 4 Exhaust Filter, PFA 40000, 252mm SQ. X 38mmD, NEMA 12, Light Grey","43.2","USD","Bradley, Tyler","Bradley, Tyler","824"
"171 4300 0000","PFANNENBERG","FLZ 543 TEMPERATURE SWITCH -20-40°C, 2 x NO (Independent)","36.45","USD","Bradley, Tyler","Bradley, Tyler","825"
"3RQ3118-1AB00","Siemens","PLUG-IN RELAY 24VAC/DC,1CO, SCREW","21","CAD","Bradley, Tyler","Bradley, Tyler","826"
"5SJ4306-7HG42","Siemens","CIRCUIT BREAKER 10KA, 3POLE, C, 6A","69.3","EUR","Bradley, Tyler","Bradley, Tyler","827"
"5SJ4310-7HG42","Siemens","CIRCUIT BREAKER 10KA, 3POLE, C, 10A","212.48","CAD","Bradley, Tyler","Bradley, Tyler","828"
"5SJ4318-7HG42","Siemens","CIRCUIT BREAKER 10KA, 3POLE, C, 15A","212.48","CAD","Bradley, Tyler","Bradley, Tyler","829"
"5SJ4325-7HG42","Siemens","CIRCUIT BREAKER 10KA, 3POLE, C, 25A","212.48","CAD","Bradley, Tyler","Bradley, Tyler","830"
"5ST3010-0HG","Siemens","Auxiliary Switch","10.74","EUR","Bradley, Tyler","Bradley, Tyler","831"
"6EP3437-8SB00-0AY0","Siemens","SITOP PSU8200","527.41","CAD","Bradley, Tyler","Bradley, Tyler","832"
"6XV1870-2B","Siemens","ndustrial Ethernet FC TP flexible cable, GP 2x2 (PROFINET Type B), TP installation cable with flexible cores, PROFINET type B, 4-core, shielded CAT 5","3","CAD","Bradley, Tyler","Bradley, Tyler","833"
"6XV1871-5TN10","Siemens","INDUSTRIAL ETHERNET FC TP CORD, 2X2, CAT 5e, PREASSEMBLED, 1 RJ45/1 M12 D CODE CONNECTORS, L = 10.0M","96","CAD","Bradley, Tyler","Bradley, Tyler","834"
"3VA9137-0CK72","Siemens","operating unit w. Bowden cable Max-Flex operator complete kit comprising: steel handle epoxy-coated NEMA 1, 12, 3R black = OFF, red = ON Bowden cable length 36"" (0.9 m) switching mech., accessory for: 3VA51 only for the UL market only for UL applications not approved for IEC
","576.97","CAD","Bradley, Tyler","Bradley, Tyler","836"
"3VA5130-6ED31-0AA0","Siemens","30A, 690 VAC / 500 VDC, 3 POLE","268.96","CAD","Bradley, Tyler","Bradley, Tyler","837"
"3VA5110-5ED31-0AA0","Siemens","circuit breaker 3VA5 UL Frame 125 breaking capacity class M 35 kA @ 480 V 3-pole, line protection TM210, FTFM, In=100 A overload protection Ir=100 A permanently set short-circuit protection Ii=10 x In without connection
","365.50","CAD","Bradley, Tyler","Bradley, Tyler","839"
"3VA5220-5ED31-0AA0","Siemens","circuit breaker 3VA5 UL Frame 250 breaking capacity class M 35 kA @ 480 V 3-pole, line protection TM210, FTFM, In=200 A overload protection Ir=200 A permanently set short-circuit protection Ii=10 x In without connection
","896.55","CAD","Bradley, Tyler","Bradley, Tyler","840"
"3VA6140-5KQ31-0AA0","Siemens","40A, 690 VAC, 3 POLE","2,809.60","CAD","Bradley, Tyler","Bradley, Tyler","841"
"3VA6110-7KQ31-0AA0","Siemens","circuit breaker 3VA6 UL Frame 150 breaking capacity class C 100 kA @ 480 V 3-pole, line protection ETU860, LSIG, In=100 A overload protection Ir=40 A...100 A short-circuit protection Isd=0.6..10x In, Ii=1.5..12x In neutral conductor protection optionally with external current transformer, up to 160% ground-fault protection Ig=0.2...1 x In, tg=0.05-0.8s without connection
","1593.59","CAD","Bradley, Tyler","Bradley, Tyler","842"
"3VA6225-7KQ31-0AA0","Siemens","circuit breaker 3VA6 UL Frame 250 breaking capacity class C 100 kA @ 480 V 3-pole, line protection ETU860, LSIG, In=250 A overload protection Ir=100 A...250 A short-circuit protection Isd=0.6..10x In, Ii=1.5..10x In neutral conductor protection optionally with external current transformer, up to 160% ground-fault protection Ig=0.2...1 x In, tg=0.05-0.8s without connection
","2292.76","CAD","Bradley, Tyler","Bradley, Tyler","843"
"3VA9233-0JB12","Siemens","wire connector TA1.4 6 AWG...350 kcmil 3 units accessory for: 3VA52
","41.37","CAD","Bradley, Tyler","Bradley, Tyler","845"
"3VA9243-0JB12","Siemens","wire connector TA1.4 6 AWG...350 kcmil 3 units accessory for: 3VA61/62","32.19","CAD","Bradley, Tyler","Bradley, Tyler","846"
"3VA9277-0FK31","Siemens","door mounted rotary operator standard NEMA types 1, 3R, 12, 4/4X with door interlock and door opening position accessory for: 3VA52; 3VA61/62
","137.77","CAD","Bradley, Tyler","Bradley, Tyler","848"
"3VA9277-0CK72","Siemens","operating unit w. Bowden cable Max-Flex operator complete kit comprising: steel handle epoxy-coated NEMA 1, 12, 3R black = OFF, red = ON Bowden cable length 36"" (0.9 m) switching mech., accessory for: 3VA52; 3VA61/62 only for the UL market only for UL applications not approved for IEC
","591.46","CAD","Bradley, Tyler","Bradley, Tyler","850"
"3VA9977-0TA20","Siemens","DATA CONCENTRATOR COM100, FOR: 3VA6","593.98","CAD","Bradley, Tyler","Bradley, Tyler","851"
"3VA9177-0TB10","Siemens","COMMUNICATIONS MODULE COM060, FOR: 3VA61/62","352.73","CAD","Bradley, Tyler","Bradley, Tyler","852"
"3VA9987-0TC20","Siemens","3VA-LINE CONNECTING CABLE, FOR: COM100, COM800, COM060","22.42","CAD","Bradley, Tyler","Bradley, Tyler","853"
"3RV2711-1DD10","Siemens","3.2A, 480Y/277VAC, 3 POLE, UL 489, SIZE S00","132.06","CAD","Bradley, Tyler","Bradley, Tyler","854"
"3RV2711-1JD10","Siemens","10A, 480Y/277VAC, 3 POLE, UL 489, SIZE S00","147.6","CAD","Bradley, Tyler","Bradley, Tyler","855"
"3RV2711-4AD10","Siemens","15A, 480Y/277VAC, 3 POLE, UL 489, SIZE S00","154.72","CAD","Bradley, Tyler","Bradley, Tyler","856"
"3RV2742-5AD10","Siemens","10A, 480Y/277VAC, 3 POLE, UL 489, SIZE S3","255.71","CAD","Bradley, Tyler","Bradley, Tyler","857"
"3RV2742-5CD10","Siemens","20A, 480Y/277VAC, 3 POLE, UL 489, SIZE S3","286.79","CAD","Bradley, Tyler","Bradley, Tyler","858"
"3RV2742-5GD10","Siemens","40A, 480Y/277VAC, 3 POLE, UL 489, SIZE S3","395.55","CAD","Bradley, Tyler","Bradley, Tyler","860"
"3RV2742-5JD10","Siemens","50A, 480Y/277VAC, 3 POLE, UL 489, SIZE S3","395.55","CAD","Bradley, Tyler","Bradley, Tyler","861"
"3RV2742-5LD10","Siemens","60A, 480Y/277VAC, 3 POLE, UL 489, SIZE S3","395.55","CAD","Bradley, Tyler","Bradley, Tyler","862"
"3RV2811-1DD10","Siemens","3.2A, 480Y/277VAC, 3 POLE, UL 489, SIZE S00","141.78","CAD","Bradley, Tyler","Bradley, Tyler","863"
"3RV2811-1ED10","Siemens","4A, 480Y/277VAC, 3 POLE, UL 489, SIZE S00","141.78","CAD","Bradley, Tyler","Bradley, Tyler","864"
"3RV2811-1FD10","Siemens","5A, 480Y/277VAC, 3 POLE, UL 489, SIZE S00","141.78","CAD","Bradley, Tyler","Bradley, Tyler","865"
"3RV2811-1HD10","Siemens","8A, 480Y/277VAC, 3 POLE, UL 489, SIZE S00","141.78","CAD","Bradley, Tyler","Bradley, Tyler","866"
"3RV2811-1JD10","Siemens","10A, 480Y/277VAC, 3 POLE, UL 489, SIZE S00","154.72","CAD","Bradley, Tyler","Bradley, Tyler","867"
"3RV2821-4BD10","Siemens","20A, 480Y/277VAC, 3 POLE, UL 489, SIZE S0","170.26","CAD","Bradley, Tyler","Bradley, Tyler","868"
"3RV2021-0JA10","Siemens","1A, 400VAC, 3 PHASE, SIZE S0","58","CAD","Bradley, Tyler","Bradley, Tyler","876"
"3RV2021-1BA10","Siemens","2A, 400VAC, 3 PHASE, SIZE S0","64.35","CAD","Bradley, Tyler","Bradley, Tyler","877"
"3RV2021-1EA10","Siemens","4A, 400VAC, 3 PHASE, SIZE S0","64.35","CAD","Bradley, Tyler","Bradley, Tyler","878"
"3RV2021-1FA10","Siemens","5A, 400VAC, 3 PHASE, SIZE S0","64.35","CAD","Bradley, Tyler","Bradley, Tyler","879"
"3RV2021-1HA10","Siemens","8A, 400VAC, 3 PHASE, SIZE S0","64.35","CAD","Bradley, Tyler","Bradley, Tyler","880"
"3RV2021-1JA10","Siemens","10A, 400VAC, 3 PHASE, SIZE S0","71.86","CAD","Bradley, Tyler","Bradley, Tyler","881"
"3RV2021-4EA10","Siemens","32A, 400VAC, 3 PHASE, SIZE S0","115.23","CAD","Bradley, Tyler","Bradley, Tyler","884"
"3RV2031-4EA10","Siemens","32A, 400VAC, 3 PHASE, SIZE S2","159.9","CAD","Bradley, Tyler","Bradley, Tyler","885"
"3RV2031-4VA10","Siemens","45A, 400VAC, 3 PHASE, SIZE S2","205.22","CAD","Bradley, Tyler","Bradley, Tyler","886"
"3RV2031-4JA10","Siemens","65A, 400VAC, 3 PHASE, SIZE S2","212.34","CAD","Bradley, Tyler","Bradley, Tyler","887"
"3RV2031-4RA10","Siemens","80A, 400VAC, 3 PHASE, SIZE S2","254.42","CAD","Bradley, Tyler","Bradley, Tyler","888"
"3RV2901-1D","Siemens","1 CO, SCREW TERMINAL, SIZES S00 - S3","7.83","CAD","Bradley, Tyler","Bradley, Tyler","889"
"3RV2901-0H","Siemens","SCREW TERMINAL, SIZES S00 - S3","4.33","CAD","Bradley, Tyler","Bradley, Tyler","892"
"3RV2901-1A","Siemens","1 NO + 1 NC, SCREW TERMINAL, SIZES S00 - S3","9.45","CAD","Bradley, Tyler","Bradley, Tyler","893"
"BNI0082","Balluff","Signal light BNI IOL-802-102-Z036","278.62","USD","Bradley, Tyler","Bradley, Tyler","894"
"BNI0098","Balluff","IO-Link sensor/actuator hubs for safety applications (Safe Line) (PROFINET)","496.08","USD","Bradley, Tyler","Bradley, Tyler","895"
"BNI005H","Balluff","IO Link Master A coded, 8 Inputs, M12 Connectors, IO-Link Interface, IP67, 24V DC
","385.62","USD","Bradley, Tyler","Bradley, Tyler","896"
"BNI00J8","Balluff","IO Link IO Module Expandable M12x8 IN/Out addressable","134.37","USD","Bradley, Tyler","Bradley, Tyler","897"
"6ES7137-6BD00-ОВАО","Siemens","SIMATIC ET 200SP, CM 4xIO-Link ST Communication module IO-Link Master V1.1","281.98","CAD","Bradley, Tyler","Bradley, Tyler","898"
"FTEC10-FM-4","Ariel Technology Inc","REPLACEMENT FILTER MEDIA (4″ Filter 116X116), Quantity 5 per pack","6.88","CAD","Bradley, Tyler","Bradley, Tyler","899"
"TTEC-200-F","Ariel Technology Inc","Mechanical Thermostats, Normally Open, Fahrenheit","14.76","CAD","Bradley, Tyler","Bradley, Tyler","902"
"GF711S","IFM EFECTOR","Fail Safe Inductive Sensor","58.45","USD","Bradley, Tyler","Bradley, Tyler","904"
"GG712S","IFM EFECTOR","Fail-safe inductive sensor","55.25","USD","Bradley, Tyler","Bradley, Tyler","905"
"SF120A","IFM EFECTOR","Flow sensor for connection to evaluation units","191.04","USD","Bradley, Tyler","Bradley, Tyler","906"
"SR2301","IFM EFECTOR","Control monitor for flow sensors","209.48","USD","Bradley, Tyler","Bradley, Tyler","907"
"7000-08081-6500500","Murrelektronik","Sensor Cable, 5m Black, M8 Female 3P Angled to Open Ended, Continuous Robotic Flex, PUR-weld","7.85","USD","Bradley, Tyler","Bradley, Tyler","908"
"7000-12701-0000000","Murrelektronik","Connector Field-Wireable, M12 Male 4P Straight, Screw Termination, 24AWG-20AWG","5.77","USD","Bradley, Tyler","Bradley, Tyler","909"
"7000-12731-0000000","Murrelektronik","Connector Field-Wireable, M12 Male 5P 0 DEG, Screw Termination","6.95","USD","Bradley, Tyler","Bradley, Tyler","910"
"7000-13221-6431000","Murrelektronik","Sensor Cable, 10m Black, M12 Female 5P Straight to Open Ended Shielded, Continuous Flex, PUR","40.12","USD","Bradley, Tyler","Bradley, Tyler","911"
"7000-40021-6541000","Murrelektronik","Sensor Cable, 10m Black, M12 Female 4P Straight to M12 Male 4P Straight, Continuous Robotic Flex, PUR-weld","22.18","USD","Bradley, Tyler","Bradley, Tyler","912"
"7000-41141-0000000","Murrelektronik","T-Coupler, M12 Male To 2xM12 Female, Direct Pinout All 5 Pins","9.01","USD","Bradley, Tyler","Bradley, Tyler","913"
"7000-44711-7961000","Murrelektronik","Ethernet Cable, 10m Green, 300V Ethernet CAT 5, D-Coded, M12 Male 4P Straight to RJ45 Straight, Shielded, PUR-OB","54.7","USD","Bradley, Tyler","Bradley, Tyler","914"
"6ES7511-1FL03-0AB0","Siemens","SIMATIC S7-1500 CPU 1511F-1 PN","1805.6","CAD","Bradley, Tyler","Bradley, Tyler","915"
"6ES7590-1AC40-0AA0","Siemens","MOUNTING RAIL 245MM (9.6"")","40.73","CAD","Bradley, Tyler","Bradley, Tyler","916"
"6XV18703QE50","Siemens","INDUSTRIAL ETHERNET FC TP CORD, 4X2, CAT 6A, PREASSEMBLED, 2 RJ45 CONNECTORS, L = 0.5M","23.02","CAD","Bradley, Tyler","Bradley, Tyler","917"
"7KM4212-0BA00-3AA0","Siemens","SENTRON, measuring device, 7KM PAC4200, LCD, L-L: 690 V, L-N: 400 V, 5 A, 3-phase, Modbus TCP","8020","CAD","Bradley, Tyler","Bradley, Tyler","918"
"33290F70041A12","Elettrotek Kabel","12/4 Shielded Cable","11.92","CAD","Bradley, Tyler","Bradley, Tyler","919"
"6AV7242-3CC10-1AA0","Siemens","IMATIC IPC PX-39A 19"" multi-touch (1920 x 1080); Intel(R) UHD graphics onboard 4 x USB 3.2 Ethernet (10/100/1000); PCIe (optional); Intel Xeon W-11155MLE (1.8/3.1 GHz, 4C/8T); 16 GB; M.2 SSD 256 GB Eco; without 2nd mass storage; Windows 10 IoT Enterprise 2021 LTSC for Celeron, Xeon W-11155MLE, Xeon W-11555MLE; without option 1; restore stick image with D&D and software image (if selected) only via OSD (online portal) 24 V DC industrial power supply (power failure, isolated, bridging time);","5935.04","CAD","Bradley, Tyler","Bradley, Tyler","920"
"Light Curtain","SICK","1400mm detec4 Core Emitter Receiver with peripherals","1800","USD","Bradley, Tyler","Bradley, Tyler","921"
"9000-41092-0101000","Murrelektronik","Mico Pro electronic circuit protection, 2 channels  IN: 24 V DC OUT: 24 V DC / 1-2-3-4-5-6-7-8-9-10A 
","50.99","USD","Bradley, Tyler","Bradley, Tyler","924"
"1585J-M8HBJM-0M3","Allen-Bradley",".3M 8 Conductors, RJ45, Straight Male, Standard, RJ45, Straight Male, Teal 600V, 100BASE-TX, 100 Mbit/s, 600V","17.83","USD","Bradley, Tyler","Bradley, Tyler","925"
"1585J-M8HBJM-0M6","Allen-Bradley",".6M 8 Conductors, RJ45, Straight Male, Standard, RJ45, Straight Male, Teal 600V, 100BASE-TX, 100 Mbit/s, 600V","14.27","USD","Bradley, Tyler","Bradley, Tyler","926"
"2090-CSBM1DG-14LF10","Allen-Bradley","Kinetix VP Motor Cable, Single Motor c/w brake wires, PUR Halogen Free Continuous Flex, 14 AWG, 10 Meter Length, SpeedTec DIN to Flying Lead,","375.04","USD","Bradley, Tyler","Bradley, Tyler","927"
"2090-CSBM1DG-18LF12","Allen-Bradley","Kinetix VP Motor Cable, Single Motor, c/w brake wires, PUR Halogen Free Continuous Flex, 18 AWG, 12 Meter Length, SpeedTec DIN to Flying Lead","378.97","USD","Bradley, Tyler","Bradley, Tyler","928"
"2090-CSBM1E1-18LF03","Allen-Bradley","Kinetix Single Extension Cable, Single Motor With Brake, Continuous-Flex, 18 AWG, 3 Meter Length, SpeedTec DIN to E1 Extension, PUR","241.42","USD","Bradley, Tyler","Bradley, Tyler","929"
"2198-H040-P-T","Allen-Bradley","Kinetix 5500/5700 Frame 1 and 2, Multi-Axis System - Follow Drive,Control Power Connector Kit","49.06","USD","Bradley, Tyler","Bradley, Tyler","930"
"S-609876356-L1-L33-KX-A1-F2-G1","CUSTOM MADE ENCLOSURES","Enclosure, 1 Door, 609mmH x 876mmW x 356mmD, 1 Point Latch, Painted, Custom","300","USD","Bradley, Tyler","Bradley, Tyler","931"
"9000-41094-0101000","Murrelektronik","Current monitoring equipment","104.82","USD","Bradley, Tyler","Bradley, Tyler","932"
"9000-41190-0000000","Murrelektronik","Current monitoring equipment","24.17","USD","Bradley, Tyler","Bradley, Tyler","933"
"85692","Murrelektronik","Emparro 24VDC Switch Mode Power Supply, Input: 324-572VAC, 3-Phase, 50/60Hz, Output: 24VDC, 20A","175.14","USD","Bradley, Tyler","Bradley, Tyler","934"
"1000445","NOARK ELECTRIC","Supplementary Protector, 4A, 277 VAC / 125 VDC, 1 Pole, UL 1077, C Curve","8.58","CAD","Bradley, Tyler","Bradley, Tyler","935"
"1000447","NOARK ELECTRIC","Supplementary Protector, 6A, 277 VAC / 60 VDC, 1 Pole, UL 1077, C Curve","8.58","CAD","Bradley, Tyler","Bradley, Tyler","936"
"3RT2018-2FB41","SIEMENS","CONTACTOR,AC3:7,5KW 1NO DC24V M. DIODE","446","CAD","Bradley, Tyler","Bradley, Tyler","937"
"3RV2011-4AA20","SIEMENS","CIRCUIT-BREAKER SPRING-L. CONN. 16A","71.86","CAD","Bradley, Tyler","Bradley, Tyler","938"
"3VA5195-4EC36-0AA0","SIEMENS","MCCB_UL_FS125_15A_3P_25KA_TM_ FTFM","399.95","CAD","Bradley, Tyler","Bradley, Tyler","939"
"3VA9133-0JF60","SIEMENS","SENTRON accessories","107.08","CAD","Bradley, Tyler","Bradley, Tyler","940"
"5SJ4303-7HG42","SIEMENS","CIRCUIT BREAKER 10KA, 3POLE, C, 3A","254.04","CAD","Bradley, Tyler","Bradley, Tyler","941"
"FTEC10L4X","Ariel Technology Inc","EXHAUST FILTER, IP54, LT. GRAY, use with FTEC10 fans","18.815","CAD","Bradley, Tyler","Bradley, Tyler","942"
"FTEC16L4X","Ariel Technology Inc","EXHAUST FILTER, IP54, LT. GRAY, use with FTEC16 fans","21.2954","CAD","Bradley, Tyler","Bradley, Tyler","943"
"FTEC26L4X","Ariel Technology Inc","EXHAUST FILTER, IP54, LT. GRAY, use with FTEC26 fans","27.82","CAD","Bradley, Tyler","Bradley, Tyler","944"
"FTEC32L4X","Ariel Technology Inc","EXHAUST FILTER, IP54, LT. GRAY, use with FTEC32 fans","30.316","CAD","Bradley, Tyler","Bradley, Tyler","945"
"FTEC10L4X-24DSB","Ariel Technology Inc","FAN FILTER, 24VDC, 0.12A, IP 54, LT.GRAY, 26 CFM","66.096","CAD","Bradley, Tyler","Bradley, Tyler","946"
"FTEC16L4X-115SB","Ariel Technology Inc","FAN FILTER, 115VAC, 0.11A, IP 54, LT.GRAY, 35 CFM","80.886","CAD","Bradley, Tyler","Bradley, Tyler","947"
"FTEC16L4X-230SB","Ariel Technology Inc","FAN FILTER, 230VAC, 0.067A, IP 54, LT.GRAY, 35 CFM","82.671","CAD","Bradley, Tyler","Bradley, Tyler","948"
"FTEC16L4X-24DSB","Ariel Technology Inc","FAN FILTER, 24VDC, 0.43A, IP 54, LT.GRAY, 35 CFM","94.554","CAD","Bradley, Tyler","Bradley, Tyler","949"
"FTEC26L4X-115SB","Ariel Technology Inc","FAN FILTER, 115AC, 0.33A, IP 54, LT.GRAY, 147 CFM","108.63","CAD","Bradley, Tyler","Bradley, Tyler","950"
"FTEC26L4X-230SB","Ariel Technology Inc","FAN FILTER, 230VAC, 0.17A, IP 54, LT.GRAY, 147 CFM","111.894","CAD","Bradley, Tyler","Bradley, Tyler","951"
"FTEC26L4X-24DSB","Ariel Technology Inc","FAN FILTER, 24VDC, IP 54, 2.6A, LT.GRAY, 150 CFM","149.94","CAD","Bradley, Tyler","Bradley, Tyler","952"
"FTEC32L4X-115SB","Ariel Technology Inc","FAN FILTER, 115AC, 0.29A, IP 54, LT.GRAY, 220 CFM","142.04","CAD","Bradley, Tyler","Bradley, Tyler","953"
"FTEC32L4X-230SB","Ariel Technology Inc","FAN FILTER, 230AC, 0.17A, IP 54, LT.GRAY, 220 CFM","145.22","CAD","Bradley, Tyler","Bradley, Tyler","954"
"FTEC32L4X-24DSB","Ariel Technology Inc","FAN FILTER, 24VDC, 2.67A, IP 54, LT.GRAY, 330 CFM","253.552","CAD","Bradley, Tyler","Bradley, Tyler","955"
"100027259","Turck","Compact and Secure Ethernet I/O Module
Safe Digital Inputs and Outputs
M12 L-Coded Voltage Connector","1257.41","USD","Bradley, Tyler","Bradley, Tyler","957"
"2090-CSBM1DG-18LF07","Allen-Bradley","KINETIX VP MOTOR CABLE, SINGLE 7m ","260.58","USD","Bradley, Tyler","Bradley, Tyler","958"
"7KM4220-0BA01-1EA0","Siemens","SENTRON PAC4220, Power Monitoring Device with color graphic TFT display PMD-III acc. to IEC 61557-12 active energy Class 0.2 (Class 0.2S acc. to IEC 62053-22) 96 x 96 mm, 3-phase, 45 - 65 Hz ","3880.00","CAD","Bradley, Tyler","Bradley, Tyler","959"
"MMF11S00-000-5D3-SFDI0-C/BW1/DFC20A-0020","SEW","Field mounted VFD","2574.42","CAD","Bradley, Tyler","Bradley, Tyler","960"
"5843.600","Rittal","SE ENCLOSURE 2000H1200W400D
","1008.21","USD","Bradley, Tyler","Bradley, Tyler","961"
"3VA5130-5ED31-0AA0","Siemens","circuit breaker 3VA5 UL Frame 125 breaking capacity class M 35 kA @ 480 V 3-pole, line protection TM210, FTFM, In=30 A overload protection Ir=30 A permanently set short-circuit protection Ii=10 x In without connection
","250.73","CAD","Bradley, Tyler","Bradley, Tyler","962"
"3VA5160-5ED31-0AA0","Siemens","circuit breaker 3VA5 UL Frame 125 breaking capacity class M 35 kA @ 480 V 3-pole, line protection TM210, FTFM, In=60 A overload protection Ir=60 A permanently set short-circuit protection Ii=10 x In without connection","250.73","CAD","Bradley, Tyler","Bradley, Tyler","963"
"3VA6140-7KQ31-0AA0","Siemens","circuit breaker 3VA6 UL Frame 150 breaking capacity class C 100 kA @ 480 V 3-pole, line protection ETU860, LSIG, In=40 A overload protection Ir=16 A...40 A short-circuit protection Isd=0.6..10x In, Ii=1.5..12x In neutral conductor protection optionally with external current transformer, up to 160% ground-fault protection Ig=0.375...1 x In, tg=0.05-0.8s without connection
","1530.6","CAD","Bradley, Tyler","Bradley, Tyler","966"
"3VA6110-7KQ31-0AA1","Siemens","Molded Case Circuit Breaker, 3VA6 Series, 140A, 3-Pole, Fixed Overcurrent Release, IEC Standard, 36kA Breaking Capacity, Frame Size 160, Without Connection","1596.59","CAD","Bradley, Tyler","Bradley, Tyler","967"
"6EP3334-8SB00-0AY0","Siemens","SITOP PSU8200 24 V/10 A stabilized power supply input: 120/230 V AC output: 24 V DC/10 A","261.83","CAD","Bradley, Tyler","Bradley, Tyler","979"
"6EP4134-0JA00-0AY0","Siemens","SITOP BAT1600 24 V DC 7.5 Ah LiFePO4 lithium battery for SITOP UPS1600 - - not for air freight - -","1067.35","CAD","Bradley, Tyler","Bradley, Tyler","980"
"6EP4134-3AB00-2AY0","Siemens","SITOP UPS1600 10 A Ethernet/ PROFINET uninterruptible power supply with Ethernet/ PROFINET interface / OPC UA server / web server input: 24 V DC output: 24 V DC/10 A","410.91","CAD","Bradley, Tyler","Bradley, Tyler","981"
"6EP4437-7EB00-3CX0","Siemens","SITOP SEL1400 10 A selectivity module 4-channel with limiting characteristic input: 24 V DC/40 A output: 24 V DC/4x 10 A threshold adjustable 2-10 A with monitoring interface","176.64","CAD","Bradley, Tyler","Bradley, Tyler","982"
"6EP3337-8SB00-0AY0","Siemens","SITOP PSU8200 24 V/40 A stabilized power supply input: 120/230 V AC output: 24 V DC/40 A

","590.05","CAD","Bradley, Tyler","Bradley, Tyler","983"
"5ST3712-3HG","Siemens","Pin busbar, can be cut 18 mm2, 3-phase+auxiliary switch 1016mm , according to UL 489, 480/277V for LS 5SJ4...-.HG","265.78","CAD","Bradley, Tyler","Bradley, Tyler","984"
"5ST3750-3HG","Siemens","End cap 1, 2, 3-phase for pin busbar UL 489 can be cut","3.09","CAD","Bradley, Tyler","Bradley, Tyler","985"
"5ST3617","Siemens","Pin busbar, 10 mm2 connection: 4x (3-phase+AUX/FS) touch-safe","12.11","CAD","Bradley, Tyler","Bradley, Tyler","986"
"6ES7193-6PA00-0AA0","Siemens","SIMATIC ET 200SP, spare part Server module for ET 200SP","49.97","CAD","Bradley, Tyler","Bradley, Tyler","987"
"3184840","Rittal","BLUE e+ S AC - 3412 BTU MULTIVOLT Air Con
","1928.28","CAD","Bradley, Tyler","Bradley, Tyler","988"
